team,team_class,team_points,year
Movistar Team,WT,5145,2016
Movistar Team,WT,5145,2016
Lotto Soudal,WT,4426,2016
Movistar Team,WT,5145,2016
Lotto Soudal,WT,4426,2016
Astana Pro Team,WT,3514,2016
Movistar Team,WT,5145,2016
Lotto Soudal,WT,4426,2016
Astana Pro Team,WT,3514,2016
Cannondale Pro Cycling Team,WT,3424,2016
Movistar Team,WT,5145,2016
Lotto Soudal,WT,4426,2016
Astana Pro Team,WT,3514,2016
Cannondale Pro Cycling Team,WT,3424,2016
Team Sky,WT,3420,2016
Movistar Team,WT,5145,2016
Lotto Soudal,WT,4426,2016
Astana Pro Team,WT,3514,2016
Cannondale Pro Cycling Team,WT,3424,2016
Team Sky,WT,3420,2016
Orica GreenEDGE,WT,2980,2016
Movistar Team,WT,5145,2016
Lotto Soudal,WT,4426,2016
Astana Pro Team,WT,3514,2016
Cannondale Pro Cycling Team,WT,3424,2016
Team Sky,WT,3420,2016
Orica GreenEDGE,WT,2980,2016
Team Katusha ,WT,2635,2016
Movistar Team,WT,5145,2016
Lotto Soudal,WT,4426,2016
Astana Pro Team,WT,3514,2016
Cannondale Pro Cycling Team,WT,3424,2016
Team Sky,WT,3420,2016
Orica GreenEDGE,WT,2980,2016
Team Katusha ,WT,2635,2016
Lampre - Merida,WT,2333,2016
Movistar Team,WT,5145,2016
Lotto Soudal,WT,4426,2016
Astana Pro Team,WT,3514,2016
Cannondale Pro Cycling Team,WT,3424,2016
Team Sky,WT,3420,2016
Orica GreenEDGE,WT,2980,2016
Team Katusha ,WT,2635,2016
Lampre - Merida,WT,2333,2016
BMC Racing Team,WT,2275,2016
Movistar Team,WT,5145,2016
Lotto Soudal,WT,4426,2016
Astana Pro Team,WT,3514,2016
Cannondale Pro Cycling Team,WT,3424,2016
Team Sky,WT,3420,2016
Orica GreenEDGE,WT,2980,2016
Team Katusha ,WT,2635,2016
Lampre - Merida,WT,2333,2016
BMC Racing Team,WT,2275,2016
Etixx - Quick Step,WT,2200,2016
Movistar Team,WT,5145,2016
Lotto Soudal,WT,4426,2016
Astana Pro Team,WT,3514,2016
Cannondale Pro Cycling Team,WT,3424,2016
Team Sky,WT,3420,2016
Orica GreenEDGE,WT,2980,2016
Team Katusha ,WT,2635,2016
Lampre - Merida,WT,2333,2016
BMC Racing Team,WT,2275,2016
Etixx - Quick Step,WT,2200,2016
Trek - Segafredo,WT,2178,2016
Movistar Team,WT,5145,2016
Lotto Soudal,WT,4426,2016
Astana Pro Team,WT,3514,2016
Cannondale Pro Cycling Team,WT,3424,2016
Team Sky,WT,3420,2016
Orica GreenEDGE,WT,2980,2016
Team Katusha ,WT,2635,2016
Lampre - Merida,WT,2333,2016
BMC Racing Team,WT,2275,2016
Etixx - Quick Step,WT,2200,2016
Trek - Segafredo,WT,2178,2016
Team LottoNL-Jumbo,WT,2134,2016
Movistar Team,WT,5145,2016
Lotto Soudal,WT,4426,2016
Astana Pro Team,WT,3514,2016
Cannondale Pro Cycling Team,WT,3424,2016
Team Sky,WT,3420,2016
Orica GreenEDGE,WT,2980,2016
Team Katusha ,WT,2635,2016
Lampre - Merida,WT,2333,2016
BMC Racing Team,WT,2275,2016
Etixx - Quick Step,WT,2200,2016
Trek - Segafredo,WT,2178,2016
Team LottoNL-Jumbo,WT,2134,2016
Team Giant - Alpecin,WT,2063,2016
Movistar Team,WT,5145,2016
Lotto Soudal,WT,4426,2016
Astana Pro Team,WT,3514,2016
Cannondale Pro Cycling Team,WT,3424,2016
Team Sky,WT,3420,2016
Orica GreenEDGE,WT,2980,2016
Team Katusha ,WT,2635,2016
Lampre - Merida,WT,2333,2016
BMC Racing Team,WT,2275,2016
Etixx - Quick Step,WT,2200,2016
Trek - Segafredo,WT,2178,2016
Team LottoNL-Jumbo,WT,2134,2016
Team Giant - Alpecin,WT,2063,2016
Tinkoff,WT,2003,2016
Movistar Team,WT,5145,2016
Lotto Soudal,WT,4426,2016
Astana Pro Team,WT,3514,2016
Cannondale Pro Cycling Team,WT,3424,2016
Team Sky,WT,3420,2016
Orica GreenEDGE,WT,2980,2016
Team Katusha ,WT,2635,2016
Lampre - Merida,WT,2333,2016
BMC Racing Team,WT,2275,2016
Etixx - Quick Step,WT,2200,2016
Trek - Segafredo,WT,2178,2016
Team LottoNL-Jumbo,WT,2134,2016
Team Giant - Alpecin,WT,2063,2016
Tinkoff,WT,2003,2016
AG2R La Mondiale,WT,1993,2016
Movistar Team,WT,5145,2016
Lotto Soudal,WT,4426,2016
Astana Pro Team,WT,3514,2016
Cannondale Pro Cycling Team,WT,3424,2016
Team Sky,WT,3420,2016
Orica GreenEDGE,WT,2980,2016
Team Katusha ,WT,2635,2016
Lampre - Merida,WT,2333,2016
BMC Racing Team,WT,2275,2016
Etixx - Quick Step,WT,2200,2016
Trek - Segafredo,WT,2178,2016
Team LottoNL-Jumbo,WT,2134,2016
Team Giant - Alpecin,WT,2063,2016
Tinkoff,WT,2003,2016
AG2R La Mondiale,WT,1993,2016
Team Dimension Data,WT,1804,2016
Movistar Team,WT,5145,2016
Lotto Soudal,WT,4426,2016
Astana Pro Team,WT,3514,2016
Cannondale Pro Cycling Team,WT,3424,2016
Team Sky,WT,3420,2016
Orica GreenEDGE,WT,2980,2016
Team Katusha ,WT,2635,2016
Lampre - Merida,WT,2333,2016
BMC Racing Team,WT,2275,2016
Etixx - Quick Step,WT,2200,2016
Trek - Segafredo,WT,2178,2016
Team LottoNL-Jumbo,WT,2134,2016
Team Giant - Alpecin,WT,2063,2016
Tinkoff,WT,2003,2016
AG2R La Mondiale,WT,1993,2016
Team Dimension Data,WT,1804,2016
FDJ,WT,1707,2016
Movistar Team,WT,5145,2016
Lotto Soudal,WT,4426,2016
Astana Pro Team,WT,3514,2016
Cannondale Pro Cycling Team,WT,3424,2016
Team Sky,WT,3420,2016
Orica GreenEDGE,WT,2980,2016
Team Katusha ,WT,2635,2016
Lampre - Merida,WT,2333,2016
BMC Racing Team,WT,2275,2016
Etixx - Quick Step,WT,2200,2016
Trek - Segafredo,WT,2178,2016
Team LottoNL-Jumbo,WT,2134,2016
Team Giant - Alpecin,WT,2063,2016
Tinkoff,WT,2003,2016
AG2R La Mondiale,WT,1993,2016
Team Dimension Data,WT,1804,2016
FDJ,WT,1707,2016
IAM Cycling,WT,1607,2016
Movistar Team,WT,5145,2016
Lotto Soudal,WT,4426,2016
Astana Pro Team,WT,3514,2016
Cannondale Pro Cycling Team,WT,3424,2016
Team Sky,WT,3420,2016
Orica GreenEDGE,WT,2980,2016
Team Katusha ,WT,2635,2016
Lampre - Merida,WT,2333,2016
BMC Racing Team,WT,2275,2016
Etixx - Quick Step,WT,2200,2016
Trek - Segafredo,WT,2178,2016
Team LottoNL-Jumbo,WT,2134,2016
Team Giant - Alpecin,WT,2063,2016
Tinkoff,WT,2003,2016
AG2R La Mondiale,WT,1993,2016
Team Dimension Data,WT,1804,2016
FDJ,WT,1707,2016
IAM Cycling,WT,1607,2016
Wilier - Southeast,PCT,1423,2016
Movistar Team,WT,5145,2016
Lotto Soudal,WT,4426,2016
Astana Pro Team,WT,3514,2016
Cannondale Pro Cycling Team,WT,3424,2016
Team Sky,WT,3420,2016
Orica GreenEDGE,WT,2980,2016
Team Katusha ,WT,2635,2016
Lampre - Merida,WT,2333,2016
BMC Racing Team,WT,2275,2016
Etixx - Quick Step,WT,2200,2016
Trek - Segafredo,WT,2178,2016
Team LottoNL-Jumbo,WT,2134,2016
Team Giant - Alpecin,WT,2063,2016
Tinkoff,WT,2003,2016
AG2R La Mondiale,WT,1993,2016
Team Dimension Data,WT,1804,2016
FDJ,WT,1707,2016
IAM Cycling,WT,1607,2016
Wilier - Southeast,PCT,1423,2016
Nippo - Vini Fantini ,PCT,1397,2016
Movistar Team,WT,5145,2016
Lotto Soudal,WT,4426,2016
Astana Pro Team,WT,3514,2016
Cannondale Pro Cycling Team,WT,3424,2016
Team Sky,WT,3420,2016
Orica GreenEDGE,WT,2980,2016
Team Katusha ,WT,2635,2016
Lampre - Merida,WT,2333,2016
BMC Racing Team,WT,2275,2016
Etixx - Quick Step,WT,2200,2016
Trek - Segafredo,WT,2178,2016
Team LottoNL-Jumbo,WT,2134,2016
Team Giant - Alpecin,WT,2063,2016
Tinkoff,WT,2003,2016
AG2R La Mondiale,WT,1993,2016
Team Dimension Data,WT,1804,2016
FDJ,WT,1707,2016
IAM Cycling,WT,1607,2016
Wilier - Southeast,PCT,1423,2016
Nippo - Vini Fantini ,PCT,1397,2016
Bardiani - CSF,PCT,1119,2016
Movistar Team,WT,5145,2016
Lotto Soudal,WT,4426,2016
Astana Pro Team,WT,3514,2016
Cannondale Pro Cycling Team,WT,3424,2016
Team Sky,WT,3420,2016
Orica GreenEDGE,WT,2980,2016
Team Katusha ,WT,2635,2016
Lampre - Merida,WT,2333,2016
BMC Racing Team,WT,2275,2016
Etixx - Quick Step,WT,2200,2016
Trek - Segafredo,WT,2178,2016
Team LottoNL-Jumbo,WT,2134,2016
Team Giant - Alpecin,WT,2063,2016
Tinkoff,WT,2003,2016
AG2R La Mondiale,WT,1993,2016
Team Dimension Data,WT,1804,2016
FDJ,WT,1707,2016
IAM Cycling,WT,1607,2016
Wilier - Southeast,PCT,1423,2016
Nippo - Vini Fantini ,PCT,1397,2016
Bardiani - CSF,PCT,1119,2016
Gazprom-RusVelo,PCT,800,2016
Movistar Team,WT,3999,2017
Movistar Team,WT,3999,2017
BMC Racing Team,WT,3840,2017
Movistar Team,WT,3999,2017
BMC Racing Team,WT,3840,2017
Quick-Step Floors,WT,3229,2017
Movistar Team,WT,3999,2017
BMC Racing Team,WT,3840,2017
Quick-Step Floors,WT,3229,2017
ORICA-Scott,WT,3035,2017
Movistar Team,WT,3999,2017
BMC Racing Team,WT,3840,2017
Quick-Step Floors,WT,3229,2017
ORICA-Scott,WT,3035,2017
Trek - Segafredo,WT,2941,2017
Movistar Team,WT,3999,2017
BMC Racing Team,WT,3840,2017
Quick-Step Floors,WT,3229,2017
ORICA-Scott,WT,3035,2017
Trek - Segafredo,WT,2941,2017
Team Sunweb,WT,2929,2017
Movistar Team,WT,3999,2017
BMC Racing Team,WT,3840,2017
Quick-Step Floors,WT,3229,2017
ORICA-Scott,WT,3035,2017
Trek - Segafredo,WT,2941,2017
Team Sunweb,WT,2929,2017
UAE Team Emirates,WT,2871,2017
Movistar Team,WT,3999,2017
BMC Racing Team,WT,3840,2017
Quick-Step Floors,WT,3229,2017
ORICA-Scott,WT,3035,2017
Trek - Segafredo,WT,2941,2017
Team Sunweb,WT,2929,2017
UAE Team Emirates,WT,2871,2017
Team Sky,WT,2722,2017
Movistar Team,WT,3999,2017
BMC Racing Team,WT,3840,2017
Quick-Step Floors,WT,3229,2017
ORICA-Scott,WT,3035,2017
Trek - Segafredo,WT,2941,2017
Team Sunweb,WT,2929,2017
UAE Team Emirates,WT,2871,2017
Team Sky,WT,2722,2017
Lotto Soudal,WT,2722,2017
Movistar Team,WT,3999,2017
BMC Racing Team,WT,3840,2017
Quick-Step Floors,WT,3229,2017
ORICA-Scott,WT,3035,2017
Trek - Segafredo,WT,2941,2017
Team Sunweb,WT,2929,2017
UAE Team Emirates,WT,2871,2017
Team Sky,WT,2722,2017
Lotto Soudal,WT,2722,2017
Cannondale-Drapac Pro Cycling Team,WT,2419,2017
Movistar Team,WT,3999,2017
BMC Racing Team,WT,3840,2017
Quick-Step Floors,WT,3229,2017
ORICA-Scott,WT,3035,2017
Trek - Segafredo,WT,2941,2017
Team Sunweb,WT,2929,2017
UAE Team Emirates,WT,2871,2017
Team Sky,WT,2722,2017
Lotto Soudal,WT,2722,2017
Cannondale-Drapac Pro Cycling Team,WT,2419,2017
Bahrain Merida Pro Cycling Team,WT,2364,2017
Movistar Team,WT,3999,2017
BMC Racing Team,WT,3840,2017
Quick-Step Floors,WT,3229,2017
ORICA-Scott,WT,3035,2017
Trek - Segafredo,WT,2941,2017
Team Sunweb,WT,2929,2017
UAE Team Emirates,WT,2871,2017
Team Sky,WT,2722,2017
Lotto Soudal,WT,2722,2017
Cannondale-Drapac Pro Cycling Team,WT,2419,2017
Bahrain Merida Pro Cycling Team,WT,2364,2017
Team Dimension Data,WT,2158,2017
Movistar Team,WT,3999,2017
BMC Racing Team,WT,3840,2017
Quick-Step Floors,WT,3229,2017
ORICA-Scott,WT,3035,2017
Trek - Segafredo,WT,2941,2017
Team Sunweb,WT,2929,2017
UAE Team Emirates,WT,2871,2017
Team Sky,WT,2722,2017
Lotto Soudal,WT,2722,2017
Cannondale-Drapac Pro Cycling Team,WT,2419,2017
Bahrain Merida Pro Cycling Team,WT,2364,2017
Team Dimension Data,WT,2158,2017
Team LottoNL-Jumbo,WT,2117,2017
Movistar Team,WT,3999,2017
BMC Racing Team,WT,3840,2017
Quick-Step Floors,WT,3229,2017
ORICA-Scott,WT,3035,2017
Trek - Segafredo,WT,2941,2017
Team Sunweb,WT,2929,2017
UAE Team Emirates,WT,2871,2017
Team Sky,WT,2722,2017
Lotto Soudal,WT,2722,2017
Cannondale-Drapac Pro Cycling Team,WT,2419,2017
Bahrain Merida Pro Cycling Team,WT,2364,2017
Team Dimension Data,WT,2158,2017
Team LottoNL-Jumbo,WT,2117,2017
FDJ,WT,1979,2017
Movistar Team,WT,3999,2017
BMC Racing Team,WT,3840,2017
Quick-Step Floors,WT,3229,2017
ORICA-Scott,WT,3035,2017
Trek - Segafredo,WT,2941,2017
Team Sunweb,WT,2929,2017
UAE Team Emirates,WT,2871,2017
Team Sky,WT,2722,2017
Lotto Soudal,WT,2722,2017
Cannondale-Drapac Pro Cycling Team,WT,2419,2017
Bahrain Merida Pro Cycling Team,WT,2364,2017
Team Dimension Data,WT,2158,2017
Team LottoNL-Jumbo,WT,2117,2017
FDJ,WT,1979,2017
Team Katusha Alpecin,WT,1844,2017
Movistar Team,WT,3999,2017
BMC Racing Team,WT,3840,2017
Quick-Step Floors,WT,3229,2017
ORICA-Scott,WT,3035,2017
Trek - Segafredo,WT,2941,2017
Team Sunweb,WT,2929,2017
UAE Team Emirates,WT,2871,2017
Team Sky,WT,2722,2017
Lotto Soudal,WT,2722,2017
Cannondale-Drapac Pro Cycling Team,WT,2419,2017
Bahrain Merida Pro Cycling Team,WT,2364,2017
Team Dimension Data,WT,2158,2017
Team LottoNL-Jumbo,WT,2117,2017
FDJ,WT,1979,2017
Team Katusha Alpecin,WT,1844,2017
BORA - hansgrohe,WT,1791,2017
Movistar Team,WT,3999,2017
BMC Racing Team,WT,3840,2017
Quick-Step Floors,WT,3229,2017
ORICA-Scott,WT,3035,2017
Trek - Segafredo,WT,2941,2017
Team Sunweb,WT,2929,2017
UAE Team Emirates,WT,2871,2017
Team Sky,WT,2722,2017
Lotto Soudal,WT,2722,2017
Cannondale-Drapac Pro Cycling Team,WT,2419,2017
Bahrain Merida Pro Cycling Team,WT,2364,2017
Team Dimension Data,WT,2158,2017
Team LottoNL-Jumbo,WT,2117,2017
FDJ,WT,1979,2017
Team Katusha Alpecin,WT,1844,2017
BORA - hansgrohe,WT,1791,2017
Astana Pro Team,WT,1765,2017
Movistar Team,WT,3999,2017
BMC Racing Team,WT,3840,2017
Quick-Step Floors,WT,3229,2017
ORICA-Scott,WT,3035,2017
Trek - Segafredo,WT,2941,2017
Team Sunweb,WT,2929,2017
UAE Team Emirates,WT,2871,2017
Team Sky,WT,2722,2017
Lotto Soudal,WT,2722,2017
Cannondale-Drapac Pro Cycling Team,WT,2419,2017
Bahrain Merida Pro Cycling Team,WT,2364,2017
Team Dimension Data,WT,2158,2017
Team LottoNL-Jumbo,WT,2117,2017
FDJ,WT,1979,2017
Team Katusha Alpecin,WT,1844,2017
BORA - hansgrohe,WT,1791,2017
Astana Pro Team,WT,1765,2017
AG2R La Mondiale,WT,1603,2017
Movistar Team,WT,3999,2017
BMC Racing Team,WT,3840,2017
Quick-Step Floors,WT,3229,2017
ORICA-Scott,WT,3035,2017
Trek - Segafredo,WT,2941,2017
Team Sunweb,WT,2929,2017
UAE Team Emirates,WT,2871,2017
Team Sky,WT,2722,2017
Lotto Soudal,WT,2722,2017
Cannondale-Drapac Pro Cycling Team,WT,2419,2017
Bahrain Merida Pro Cycling Team,WT,2364,2017
Team Dimension Data,WT,2158,2017
Team LottoNL-Jumbo,WT,2117,2017
FDJ,WT,1979,2017
Team Katusha Alpecin,WT,1844,2017
BORA - hansgrohe,WT,1791,2017
Astana Pro Team,WT,1765,2017
AG2R La Mondiale,WT,1603,2017
Wilier Triestina - Selle Italia,PCT,1391,2017
Movistar Team,WT,3999,2017
BMC Racing Team,WT,3840,2017
Quick-Step Floors,WT,3229,2017
ORICA-Scott,WT,3035,2017
Trek - Segafredo,WT,2941,2017
Team Sunweb,WT,2929,2017
UAE Team Emirates,WT,2871,2017
Team Sky,WT,2722,2017
Lotto Soudal,WT,2722,2017
Cannondale-Drapac Pro Cycling Team,WT,2419,2017
Bahrain Merida Pro Cycling Team,WT,2364,2017
Team Dimension Data,WT,2158,2017
Team LottoNL-Jumbo,WT,2117,2017
FDJ,WT,1979,2017
Team Katusha Alpecin,WT,1844,2017
BORA - hansgrohe,WT,1791,2017
Astana Pro Team,WT,1765,2017
AG2R La Mondiale,WT,1603,2017
Wilier Triestina - Selle Italia,PCT,1391,2017
CCC Sprandi Polkowice ,PCT,1033,2017
Movistar Team,WT,3999,2017
BMC Racing Team,WT,3840,2017
Quick-Step Floors,WT,3229,2017
ORICA-Scott,WT,3035,2017
Trek - Segafredo,WT,2941,2017
Team Sunweb,WT,2929,2017
UAE Team Emirates,WT,2871,2017
Team Sky,WT,2722,2017
Lotto Soudal,WT,2722,2017
Cannondale-Drapac Pro Cycling Team,WT,2419,2017
Bahrain Merida Pro Cycling Team,WT,2364,2017
Team Dimension Data,WT,2158,2017
Team LottoNL-Jumbo,WT,2117,2017
FDJ,WT,1979,2017
Team Katusha Alpecin,WT,1844,2017
BORA - hansgrohe,WT,1791,2017
Astana Pro Team,WT,1765,2017
AG2R La Mondiale,WT,1603,2017
Wilier Triestina - Selle Italia,PCT,1391,2017
CCC Sprandi Polkowice ,PCT,1033,2017
Bardiani - CSF,PCT,962,2017
Movistar Team,WT,3999,2017
BMC Racing Team,WT,3840,2017
Quick-Step Floors,WT,3229,2017
ORICA-Scott,WT,3035,2017
Trek - Segafredo,WT,2941,2017
Team Sunweb,WT,2929,2017
UAE Team Emirates,WT,2871,2017
Team Sky,WT,2722,2017
Lotto Soudal,WT,2722,2017
Cannondale-Drapac Pro Cycling Team,WT,2419,2017
Bahrain Merida Pro Cycling Team,WT,2364,2017
Team Dimension Data,WT,2158,2017
Team LottoNL-Jumbo,WT,2117,2017
FDJ,WT,1979,2017
Team Katusha Alpecin,WT,1844,2017
BORA - hansgrohe,WT,1791,2017
Astana Pro Team,WT,1765,2017
AG2R La Mondiale,WT,1603,2017
Wilier Triestina - Selle Italia,PCT,1391,2017
CCC Sprandi Polkowice ,PCT,1033,2017
Bardiani - CSF,PCT,962,2017
Gazprom-RusVelo,PCT,876,2017
Team Sky,WT,4577,2018
Team Sky,WT,4577,2018
Astana Pro Team,WT,3870,2018
Team Sky,WT,4577,2018
Astana Pro Team,WT,3870,2018
UAE Team Emirates,WT,3589,2018
Team Sky,WT,4577,2018
Astana Pro Team,WT,3870,2018
UAE Team Emirates,WT,3589,2018
Quick-Step Floors,WT,3559,2018
Team Sky,WT,4577,2018
Astana Pro Team,WT,3870,2018
UAE Team Emirates,WT,3589,2018
Quick-Step Floors,WT,3559,2018
Lotto Fix All,WT,3137,2018
Team Sky,WT,4577,2018
Astana Pro Team,WT,3870,2018
UAE Team Emirates,WT,3589,2018
Quick-Step Floors,WT,3559,2018
Lotto Fix All,WT,3137,2018
Mitchelton-Scott,WT,3123,2018
Team Sky,WT,4577,2018
Astana Pro Team,WT,3870,2018
UAE Team Emirates,WT,3589,2018
Quick-Step Floors,WT,3559,2018
Lotto Fix All,WT,3137,2018
Mitchelton-Scott,WT,3123,2018
Bahrain Merida Pro Cycling Team,WT,3094,2018
Team Sky,WT,4577,2018
Astana Pro Team,WT,3870,2018
UAE Team Emirates,WT,3589,2018
Quick-Step Floors,WT,3559,2018
Lotto Fix All,WT,3137,2018
Mitchelton-Scott,WT,3123,2018
Bahrain Merida Pro Cycling Team,WT,3094,2018
BMC Racing Team,WT,2887,2018
Team Sky,WT,4577,2018
Astana Pro Team,WT,3870,2018
UAE Team Emirates,WT,3589,2018
Quick-Step Floors,WT,3559,2018
Lotto Fix All,WT,3137,2018
Mitchelton-Scott,WT,3123,2018
Bahrain Merida Pro Cycling Team,WT,3094,2018
BMC Racing Team,WT,2887,2018
Team Sunweb,WT,2736,2018
Team Sky,WT,4577,2018
Astana Pro Team,WT,3870,2018
UAE Team Emirates,WT,3589,2018
Quick-Step Floors,WT,3559,2018
Lotto Fix All,WT,3137,2018
Mitchelton-Scott,WT,3123,2018
Bahrain Merida Pro Cycling Team,WT,3094,2018
BMC Racing Team,WT,2887,2018
Team Sunweb,WT,2736,2018
BORA - hansgrohe,WT,2420,2018
Team Sky,WT,4577,2018
Astana Pro Team,WT,3870,2018
UAE Team Emirates,WT,3589,2018
Quick-Step Floors,WT,3559,2018
Lotto Fix All,WT,3137,2018
Mitchelton-Scott,WT,3123,2018
Bahrain Merida Pro Cycling Team,WT,3094,2018
BMC Racing Team,WT,2887,2018
Team Sunweb,WT,2736,2018
BORA - hansgrohe,WT,2420,2018
Team LottoNL-Jumbo,WT,2138,2018
Team Sky,WT,4577,2018
Astana Pro Team,WT,3870,2018
UAE Team Emirates,WT,3589,2018
Quick-Step Floors,WT,3559,2018
Lotto Fix All,WT,3137,2018
Mitchelton-Scott,WT,3123,2018
Bahrain Merida Pro Cycling Team,WT,3094,2018
BMC Racing Team,WT,2887,2018
Team Sunweb,WT,2736,2018
BORA - hansgrohe,WT,2420,2018
Team LottoNL-Jumbo,WT,2138,2018
Team EF Education First-Drapac p/b Cannondale,WT,1784,2018
Team Sky,WT,4577,2018
Astana Pro Team,WT,3870,2018
UAE Team Emirates,WT,3589,2018
Quick-Step Floors,WT,3559,2018
Lotto Fix All,WT,3137,2018
Mitchelton-Scott,WT,3123,2018
Bahrain Merida Pro Cycling Team,WT,3094,2018
BMC Racing Team,WT,2887,2018
Team Sunweb,WT,2736,2018
BORA - hansgrohe,WT,2420,2018
Team LottoNL-Jumbo,WT,2138,2018
Team EF Education First-Drapac p/b Cannondale,WT,1784,2018
Groupama - FDJ,WT,1783,2018
Team Sky,WT,4577,2018
Astana Pro Team,WT,3870,2018
UAE Team Emirates,WT,3589,2018
Quick-Step Floors,WT,3559,2018
Lotto Fix All,WT,3137,2018
Mitchelton-Scott,WT,3123,2018
Bahrain Merida Pro Cycling Team,WT,3094,2018
BMC Racing Team,WT,2887,2018
Team Sunweb,WT,2736,2018
BORA - hansgrohe,WT,2420,2018
Team LottoNL-Jumbo,WT,2138,2018
Team EF Education First-Drapac p/b Cannondale,WT,1784,2018
Groupama - FDJ,WT,1783,2018
Androni Giocattoli - Sidermec,PCT,1751,2018
Team Sky,WT,4577,2018
Astana Pro Team,WT,3870,2018
UAE Team Emirates,WT,3589,2018
Quick-Step Floors,WT,3559,2018
Lotto Fix All,WT,3137,2018
Mitchelton-Scott,WT,3123,2018
Bahrain Merida Pro Cycling Team,WT,3094,2018
BMC Racing Team,WT,2887,2018
Team Sunweb,WT,2736,2018
BORA - hansgrohe,WT,2420,2018
Team LottoNL-Jumbo,WT,2138,2018
Team EF Education First-Drapac p/b Cannondale,WT,1784,2018
Groupama - FDJ,WT,1783,2018
Androni Giocattoli - Sidermec,PCT,1751,2018
Trek - Segafredo,WT,1747,2018
Team Sky,WT,4577,2018
Astana Pro Team,WT,3870,2018
UAE Team Emirates,WT,3589,2018
Quick-Step Floors,WT,3559,2018
Lotto Fix All,WT,3137,2018
Mitchelton-Scott,WT,3123,2018
Bahrain Merida Pro Cycling Team,WT,3094,2018
BMC Racing Team,WT,2887,2018
Team Sunweb,WT,2736,2018
BORA - hansgrohe,WT,2420,2018
Team LottoNL-Jumbo,WT,2138,2018
Team EF Education First-Drapac p/b Cannondale,WT,1784,2018
Groupama - FDJ,WT,1783,2018
Androni Giocattoli - Sidermec,PCT,1751,2018
Trek - Segafredo,WT,1747,2018
Team Katusha Alpecin,WT,1595,2018
Team Sky,WT,4577,2018
Astana Pro Team,WT,3870,2018
UAE Team Emirates,WT,3589,2018
Quick-Step Floors,WT,3559,2018
Lotto Fix All,WT,3137,2018
Mitchelton-Scott,WT,3123,2018
Bahrain Merida Pro Cycling Team,WT,3094,2018
BMC Racing Team,WT,2887,2018
Team Sunweb,WT,2736,2018
BORA - hansgrohe,WT,2420,2018
Team LottoNL-Jumbo,WT,2138,2018
Team EF Education First-Drapac p/b Cannondale,WT,1784,2018
Groupama - FDJ,WT,1783,2018
Androni Giocattoli - Sidermec,PCT,1751,2018
Trek - Segafredo,WT,1747,2018
Team Katusha Alpecin,WT,1595,2018
AG2R La Mondiale,WT,1459,2018
Team Sky,WT,4577,2018
Astana Pro Team,WT,3870,2018
UAE Team Emirates,WT,3589,2018
Quick-Step Floors,WT,3559,2018
Lotto Fix All,WT,3137,2018
Mitchelton-Scott,WT,3123,2018
Bahrain Merida Pro Cycling Team,WT,3094,2018
BMC Racing Team,WT,2887,2018
Team Sunweb,WT,2736,2018
BORA - hansgrohe,WT,2420,2018
Team LottoNL-Jumbo,WT,2138,2018
Team EF Education First-Drapac p/b Cannondale,WT,1784,2018
Groupama - FDJ,WT,1783,2018
Androni Giocattoli - Sidermec,PCT,1751,2018
Trek - Segafredo,WT,1747,2018
Team Katusha Alpecin,WT,1595,2018
AG2R La Mondiale,WT,1459,2018
Wilier Triestina - Selle Italia,PCT,1443,2018
Team Sky,WT,4577,2018
Astana Pro Team,WT,3870,2018
UAE Team Emirates,WT,3589,2018
Quick-Step Floors,WT,3559,2018
Lotto Fix All,WT,3137,2018
Mitchelton-Scott,WT,3123,2018
Bahrain Merida Pro Cycling Team,WT,3094,2018
BMC Racing Team,WT,2887,2018
Team Sunweb,WT,2736,2018
BORA - hansgrohe,WT,2420,2018
Team LottoNL-Jumbo,WT,2138,2018
Team EF Education First-Drapac p/b Cannondale,WT,1784,2018
Groupama - FDJ,WT,1783,2018
Androni Giocattoli - Sidermec,PCT,1751,2018
Trek - Segafredo,WT,1747,2018
Team Katusha Alpecin,WT,1595,2018
AG2R La Mondiale,WT,1459,2018
Wilier Triestina - Selle Italia,PCT,1443,2018
Team Dimension Data,WT,1425,2018
Team Sky,WT,4577,2018
Astana Pro Team,WT,3870,2018
UAE Team Emirates,WT,3589,2018
Quick-Step Floors,WT,3559,2018
Lotto Fix All,WT,3137,2018
Mitchelton-Scott,WT,3123,2018
Bahrain Merida Pro Cycling Team,WT,3094,2018
BMC Racing Team,WT,2887,2018
Team Sunweb,WT,2736,2018
BORA - hansgrohe,WT,2420,2018
Team LottoNL-Jumbo,WT,2138,2018
Team EF Education First-Drapac p/b Cannondale,WT,1784,2018
Groupama - FDJ,WT,1783,2018
Androni Giocattoli - Sidermec,PCT,1751,2018
Trek - Segafredo,WT,1747,2018
Team Katusha Alpecin,WT,1595,2018
AG2R La Mondiale,WT,1459,2018
Wilier Triestina - Selle Italia,PCT,1443,2018
Team Dimension Data,WT,1425,2018
Israel Cycling Academy,PCT,1342,2018
Team Sky,WT,4577,2018
Astana Pro Team,WT,3870,2018
UAE Team Emirates,WT,3589,2018
Quick-Step Floors,WT,3559,2018
Lotto Fix All,WT,3137,2018
Mitchelton-Scott,WT,3123,2018
Bahrain Merida Pro Cycling Team,WT,3094,2018
BMC Racing Team,WT,2887,2018
Team Sunweb,WT,2736,2018
BORA - hansgrohe,WT,2420,2018
Team LottoNL-Jumbo,WT,2138,2018
Team EF Education First-Drapac p/b Cannondale,WT,1784,2018
Groupama - FDJ,WT,1783,2018
Androni Giocattoli - Sidermec,PCT,1751,2018
Trek - Segafredo,WT,1747,2018
Team Katusha Alpecin,WT,1595,2018
AG2R La Mondiale,WT,1459,2018
Wilier Triestina - Selle Italia,PCT,1443,2018
Team Dimension Data,WT,1425,2018
Israel Cycling Academy,PCT,1342,2018
Movistar Team,WT,1235,2018
Team Sky,WT,4577,2018
Astana Pro Team,WT,3870,2018
UAE Team Emirates,WT,3589,2018
Quick-Step Floors,WT,3559,2018
Lotto Fix All,WT,3137,2018
Mitchelton-Scott,WT,3123,2018
Bahrain Merida Pro Cycling Team,WT,3094,2018
BMC Racing Team,WT,2887,2018
Team Sunweb,WT,2736,2018
BORA - hansgrohe,WT,2420,2018
Team LottoNL-Jumbo,WT,2138,2018
Team EF Education First-Drapac p/b Cannondale,WT,1784,2018
Groupama - FDJ,WT,1783,2018
Androni Giocattoli - Sidermec,PCT,1751,2018
Trek - Segafredo,WT,1747,2018
Team Katusha Alpecin,WT,1595,2018
AG2R La Mondiale,WT,1459,2018
Wilier Triestina - Selle Italia,PCT,1443,2018
Team Dimension Data,WT,1425,2018
Israel Cycling Academy,PCT,1342,2018
Movistar Team,WT,1235,2018
Bardiani - CSF,PCT,1200,2018
Astana Pro Team,WT,4562,2019
Astana Pro Team,WT,4562,2019
Deceuninck - Quick Step,WT,4138,2019
Astana Pro Team,WT,4562,2019
Deceuninck - Quick Step,WT,4138,2019
Team Sunweb,WT,3763,2019
Astana Pro Team,WT,4562,2019
Deceuninck - Quick Step,WT,4138,2019
Team Sunweb,WT,3763,2019
BORA - hansgrohe,WT,3674,2019
Astana Pro Team,WT,4562,2019
Deceuninck - Quick Step,WT,4138,2019
Team Sunweb,WT,3763,2019
BORA - hansgrohe,WT,3674,2019
UAE Team Emirates,WT,3489,2019
Astana Pro Team,WT,4562,2019
Deceuninck - Quick Step,WT,4138,2019
Team Sunweb,WT,3763,2019
BORA - hansgrohe,WT,3674,2019
UAE Team Emirates,WT,3489,2019
Team Jumbo-Visma,WT,3398,2019
Astana Pro Team,WT,4562,2019
Deceuninck - Quick Step,WT,4138,2019
Team Sunweb,WT,3763,2019
BORA - hansgrohe,WT,3674,2019
UAE Team Emirates,WT,3489,2019
Team Jumbo-Visma,WT,3398,2019
Mitchelton-Scott,WT,3354,2019
Astana Pro Team,WT,4562,2019
Deceuninck - Quick Step,WT,4138,2019
Team Sunweb,WT,3763,2019
BORA - hansgrohe,WT,3674,2019
UAE Team Emirates,WT,3489,2019
Team Jumbo-Visma,WT,3398,2019
Mitchelton-Scott,WT,3354,2019
Bahrain Merida,WT,2657,2019
Astana Pro Team,WT,4562,2019
Deceuninck - Quick Step,WT,4138,2019
Team Sunweb,WT,3763,2019
BORA - hansgrohe,WT,3674,2019
UAE Team Emirates,WT,3489,2019
Team Jumbo-Visma,WT,3398,2019
Mitchelton-Scott,WT,3354,2019
Bahrain Merida,WT,2657,2019
Androni Giocattoli - Sidermec,PCT,2502,2019
Astana Pro Team,WT,4562,2019
Deceuninck - Quick Step,WT,4138,2019
Team Sunweb,WT,3763,2019
BORA - hansgrohe,WT,3674,2019
UAE Team Emirates,WT,3489,2019
Team Jumbo-Visma,WT,3398,2019
Mitchelton-Scott,WT,3354,2019
Bahrain Merida,WT,2657,2019
Androni Giocattoli - Sidermec,PCT,2502,2019
Trek - Segafredo,WT,2435,2019
Astana Pro Team,WT,4562,2019
Deceuninck - Quick Step,WT,4138,2019
Team Sunweb,WT,3763,2019
BORA - hansgrohe,WT,3674,2019
UAE Team Emirates,WT,3489,2019
Team Jumbo-Visma,WT,3398,2019
Mitchelton-Scott,WT,3354,2019
Bahrain Merida,WT,2657,2019
Androni Giocattoli - Sidermec,PCT,2502,2019
Trek - Segafredo,WT,2435,2019
Groupama - FDJ,WT,2421,2019
Astana Pro Team,WT,4562,2019
Deceuninck - Quick Step,WT,4138,2019
Team Sunweb,WT,3763,2019
BORA - hansgrohe,WT,3674,2019
UAE Team Emirates,WT,3489,2019
Team Jumbo-Visma,WT,3398,2019
Mitchelton-Scott,WT,3354,2019
Bahrain Merida,WT,2657,2019
Androni Giocattoli - Sidermec,PCT,2502,2019
Trek - Segafredo,WT,2435,2019
Groupama - FDJ,WT,2421,2019
Movistar Team,WT,2153,2019
Astana Pro Team,WT,4562,2019
Deceuninck - Quick Step,WT,4138,2019
Team Sunweb,WT,3763,2019
BORA - hansgrohe,WT,3674,2019
UAE Team Emirates,WT,3489,2019
Team Jumbo-Visma,WT,3398,2019
Mitchelton-Scott,WT,3354,2019
Bahrain Merida,WT,2657,2019
Androni Giocattoli - Sidermec,PCT,2502,2019
Trek - Segafredo,WT,2435,2019
Groupama - FDJ,WT,2421,2019
Movistar Team,WT,2153,2019
Lotto Soudal,WT,2095,2019
Astana Pro Team,WT,4562,2019
Deceuninck - Quick Step,WT,4138,2019
Team Sunweb,WT,3763,2019
BORA - hansgrohe,WT,3674,2019
UAE Team Emirates,WT,3489,2019
Team Jumbo-Visma,WT,3398,2019
Mitchelton-Scott,WT,3354,2019
Bahrain Merida,WT,2657,2019
Androni Giocattoli - Sidermec,PCT,2502,2019
Trek - Segafredo,WT,2435,2019
Groupama - FDJ,WT,2421,2019
Movistar Team,WT,2153,2019
Lotto Soudal,WT,2095,2019
Team INEOS,WT,2042,2019
Astana Pro Team,WT,4562,2019
Deceuninck - Quick Step,WT,4138,2019
Team Sunweb,WT,3763,2019
BORA - hansgrohe,WT,3674,2019
UAE Team Emirates,WT,3489,2019
Team Jumbo-Visma,WT,3398,2019
Mitchelton-Scott,WT,3354,2019
Bahrain Merida,WT,2657,2019
Androni Giocattoli - Sidermec,PCT,2502,2019
Trek - Segafredo,WT,2435,2019
Groupama - FDJ,WT,2421,2019
Movistar Team,WT,2153,2019
Lotto Soudal,WT,2095,2019
Team INEOS,WT,2042,2019
Team Katusha Alpecin,WT,1799,2019
Astana Pro Team,WT,4562,2019
Deceuninck - Quick Step,WT,4138,2019
Team Sunweb,WT,3763,2019
BORA - hansgrohe,WT,3674,2019
UAE Team Emirates,WT,3489,2019
Team Jumbo-Visma,WT,3398,2019
Mitchelton-Scott,WT,3354,2019
Bahrain Merida,WT,2657,2019
Androni Giocattoli - Sidermec,PCT,2502,2019
Trek - Segafredo,WT,2435,2019
Groupama - FDJ,WT,2421,2019
Movistar Team,WT,2153,2019
Lotto Soudal,WT,2095,2019
Team INEOS,WT,2042,2019
Team Katusha Alpecin,WT,1799,2019
Team Dimension Data,WT,1705,2019
Astana Pro Team,WT,4562,2019
Deceuninck - Quick Step,WT,4138,2019
Team Sunweb,WT,3763,2019
BORA - hansgrohe,WT,3674,2019
UAE Team Emirates,WT,3489,2019
Team Jumbo-Visma,WT,3398,2019
Mitchelton-Scott,WT,3354,2019
Bahrain Merida,WT,2657,2019
Androni Giocattoli - Sidermec,PCT,2502,2019
Trek - Segafredo,WT,2435,2019
Groupama - FDJ,WT,2421,2019
Movistar Team,WT,2153,2019
Lotto Soudal,WT,2095,2019
Team INEOS,WT,2042,2019
Team Katusha Alpecin,WT,1799,2019
Team Dimension Data,WT,1705,2019
EF Education First,WT,1626,2019
Astana Pro Team,WT,4562,2019
Deceuninck - Quick Step,WT,4138,2019
Team Sunweb,WT,3763,2019
BORA - hansgrohe,WT,3674,2019
UAE Team Emirates,WT,3489,2019
Team Jumbo-Visma,WT,3398,2019
Mitchelton-Scott,WT,3354,2019
Bahrain Merida,WT,2657,2019
Androni Giocattoli - Sidermec,PCT,2502,2019
Trek - Segafredo,WT,2435,2019
Groupama - FDJ,WT,2421,2019
Movistar Team,WT,2153,2019
Lotto Soudal,WT,2095,2019
Team INEOS,WT,2042,2019
Team Katusha Alpecin,WT,1799,2019
Team Dimension Data,WT,1705,2019
EF Education First,WT,1626,2019
AG2R La Mondiale,WT,1486,2019
Astana Pro Team,WT,4562,2019
Deceuninck - Quick Step,WT,4138,2019
Team Sunweb,WT,3763,2019
BORA - hansgrohe,WT,3674,2019
UAE Team Emirates,WT,3489,2019
Team Jumbo-Visma,WT,3398,2019
Mitchelton-Scott,WT,3354,2019
Bahrain Merida,WT,2657,2019
Androni Giocattoli - Sidermec,PCT,2502,2019
Trek - Segafredo,WT,2435,2019
Groupama - FDJ,WT,2421,2019
Movistar Team,WT,2153,2019
Lotto Soudal,WT,2095,2019
Team INEOS,WT,2042,2019
Team Katusha Alpecin,WT,1799,2019
Team Dimension Data,WT,1705,2019
EF Education First,WT,1626,2019
AG2R La Mondiale,WT,1486,2019
Nippo Vini Fantini Faizanè,PCT,1298,2019
Astana Pro Team,WT,4562,2019
Deceuninck - Quick Step,WT,4138,2019
Team Sunweb,WT,3763,2019
BORA - hansgrohe,WT,3674,2019
UAE Team Emirates,WT,3489,2019
Team Jumbo-Visma,WT,3398,2019
Mitchelton-Scott,WT,3354,2019
Bahrain Merida,WT,2657,2019
Androni Giocattoli - Sidermec,PCT,2502,2019
Trek - Segafredo,WT,2435,2019
Groupama - FDJ,WT,2421,2019
Movistar Team,WT,2153,2019
Lotto Soudal,WT,2095,2019
Team INEOS,WT,2042,2019
Team Katusha Alpecin,WT,1799,2019
Team Dimension Data,WT,1705,2019
EF Education First,WT,1626,2019
AG2R La Mondiale,WT,1486,2019
Nippo Vini Fantini Faizanè,PCT,1298,2019
Israel Cycling Academy,PCT,1292,2019
Astana Pro Team,WT,4562,2019
Deceuninck - Quick Step,WT,4138,2019
Team Sunweb,WT,3763,2019
BORA - hansgrohe,WT,3674,2019
UAE Team Emirates,WT,3489,2019
Team Jumbo-Visma,WT,3398,2019
Mitchelton-Scott,WT,3354,2019
Bahrain Merida,WT,2657,2019
Androni Giocattoli - Sidermec,PCT,2502,2019
Trek - Segafredo,WT,2435,2019
Groupama - FDJ,WT,2421,2019
Movistar Team,WT,2153,2019
Lotto Soudal,WT,2095,2019
Team INEOS,WT,2042,2019
Team Katusha Alpecin,WT,1799,2019
Team Dimension Data,WT,1705,2019
EF Education First,WT,1626,2019
AG2R La Mondiale,WT,1486,2019
Nippo Vini Fantini Faizanè,PCT,1298,2019
Israel Cycling Academy,PCT,1292,2019
CCC Team,WT,1152,2019
Astana Pro Team,WT,4562,2019
Deceuninck - Quick Step,WT,4138,2019
Team Sunweb,WT,3763,2019
BORA - hansgrohe,WT,3674,2019
UAE Team Emirates,WT,3489,2019
Team Jumbo-Visma,WT,3398,2019
Mitchelton-Scott,WT,3354,2019
Bahrain Merida,WT,2657,2019
Androni Giocattoli - Sidermec,PCT,2502,2019
Trek - Segafredo,WT,2435,2019
Groupama - FDJ,WT,2421,2019
Movistar Team,WT,2153,2019
Lotto Soudal,WT,2095,2019
Team INEOS,WT,2042,2019
Team Katusha Alpecin,WT,1799,2019
Team Dimension Data,WT,1705,2019
EF Education First,WT,1626,2019
AG2R La Mondiale,WT,1486,2019
Nippo Vini Fantini Faizanè,PCT,1298,2019
Israel Cycling Academy,PCT,1292,2019
CCC Team,WT,1152,2019
Bardiani - CSF,PCT,446,2019
Astana Pro Team,WT,2840,2020
Astana Pro Team,WT,2840,2020
UAE Team Emirates,WT,1982,2020
Astana Pro Team,WT,2840,2020
UAE Team Emirates,WT,1982,2020
Mitchelton-Scott,WT,1737,2020
Astana Pro Team,WT,2840,2020
UAE Team Emirates,WT,1982,2020
Mitchelton-Scott,WT,1737,2020
Team Sunweb,WT,1708,2020
Astana Pro Team,WT,2840,2020
UAE Team Emirates,WT,1982,2020
Mitchelton-Scott,WT,1737,2020
Team Sunweb,WT,1708,2020
INEOS Grenadiers,WT,1676,2020
Astana Pro Team,WT,2840,2020
UAE Team Emirates,WT,1982,2020
Mitchelton-Scott,WT,1737,2020
Team Sunweb,WT,1708,2020
INEOS Grenadiers,WT,1676,2020
BORA - hansgrohe,WT,1479,2020
Astana Pro Team,WT,2840,2020
UAE Team Emirates,WT,1982,2020
Mitchelton-Scott,WT,1737,2020
Team Sunweb,WT,1708,2020
INEOS Grenadiers,WT,1676,2020
BORA - hansgrohe,WT,1479,2020
Deceuninck - Quick Step,WT,1415,2020
Astana Pro Team,WT,2840,2020
UAE Team Emirates,WT,1982,2020
Mitchelton-Scott,WT,1737,2020
Team Sunweb,WT,1708,2020
INEOS Grenadiers,WT,1676,2020
BORA - hansgrohe,WT,1479,2020
Deceuninck - Quick Step,WT,1415,2020
Trek - Segafredo,WT,1339,2020
Astana Pro Team,WT,2840,2020
UAE Team Emirates,WT,1982,2020
Mitchelton-Scott,WT,1737,2020
Team Sunweb,WT,1708,2020
INEOS Grenadiers,WT,1676,2020
BORA - hansgrohe,WT,1479,2020
Deceuninck - Quick Step,WT,1415,2020
Trek - Segafredo,WT,1339,2020
CCC Team,WT,1016,2020
Astana Pro Team,WT,2840,2020
UAE Team Emirates,WT,1982,2020
Mitchelton-Scott,WT,1737,2020
Team Sunweb,WT,1708,2020
INEOS Grenadiers,WT,1676,2020
BORA - hansgrohe,WT,1479,2020
Deceuninck - Quick Step,WT,1415,2020
Trek - Segafredo,WT,1339,2020
CCC Team,WT,1016,2020
Groupama - FDJ,WT,941,2020
Astana Pro Team,WT,2840,2020
UAE Team Emirates,WT,1982,2020
Mitchelton-Scott,WT,1737,2020
Team Sunweb,WT,1708,2020
INEOS Grenadiers,WT,1676,2020
BORA - hansgrohe,WT,1479,2020
Deceuninck - Quick Step,WT,1415,2020
Trek - Segafredo,WT,1339,2020
CCC Team,WT,1016,2020
Groupama - FDJ,WT,941,2020
Cofidis,WT,847,2020
Astana Pro Team,WT,2840,2020
UAE Team Emirates,WT,1982,2020
Mitchelton-Scott,WT,1737,2020
Team Sunweb,WT,1708,2020
INEOS Grenadiers,WT,1676,2020
BORA - hansgrohe,WT,1479,2020
Deceuninck - Quick Step,WT,1415,2020
Trek - Segafredo,WT,1339,2020
CCC Team,WT,1016,2020
Groupama - FDJ,WT,941,2020
Cofidis,WT,847,2020
Team Jumbo-Visma,WT,742,2020
Astana Pro Team,WT,2840,2020
UAE Team Emirates,WT,1982,2020
Mitchelton-Scott,WT,1737,2020
Team Sunweb,WT,1708,2020
INEOS Grenadiers,WT,1676,2020
BORA - hansgrohe,WT,1479,2020
Deceuninck - Quick Step,WT,1415,2020
Trek - Segafredo,WT,1339,2020
CCC Team,WT,1016,2020
Groupama - FDJ,WT,941,2020
Cofidis,WT,847,2020
Team Jumbo-Visma,WT,742,2020
EF Pro Cycling,WT,736,2020
Astana Pro Team,WT,2840,2020
UAE Team Emirates,WT,1982,2020
Mitchelton-Scott,WT,1737,2020
Team Sunweb,WT,1708,2020
INEOS Grenadiers,WT,1676,2020
BORA - hansgrohe,WT,1479,2020
Deceuninck - Quick Step,WT,1415,2020
Trek - Segafredo,WT,1339,2020
CCC Team,WT,1016,2020
Groupama - FDJ,WT,941,2020
Cofidis,WT,847,2020
Team Jumbo-Visma,WT,742,2020
EF Pro Cycling,WT,736,2020
AG2R La Mondiale,WT,735,2020
Astana Pro Team,WT,2840,2020
UAE Team Emirates,WT,1982,2020
Mitchelton-Scott,WT,1737,2020
Team Sunweb,WT,1708,2020
INEOS Grenadiers,WT,1676,2020
BORA - hansgrohe,WT,1479,2020
Deceuninck - Quick Step,WT,1415,2020
Trek - Segafredo,WT,1339,2020
CCC Team,WT,1016,2020
Groupama - FDJ,WT,941,2020
Cofidis,WT,847,2020
Team Jumbo-Visma,WT,742,2020
EF Pro Cycling,WT,736,2020
AG2R La Mondiale,WT,735,2020
Bahrain - McLaren,WT,717,2020
Astana Pro Team,WT,2840,2020
UAE Team Emirates,WT,1982,2020
Mitchelton-Scott,WT,1737,2020
Team Sunweb,WT,1708,2020
INEOS Grenadiers,WT,1676,2020
BORA - hansgrohe,WT,1479,2020
Deceuninck - Quick Step,WT,1415,2020
Trek - Segafredo,WT,1339,2020
CCC Team,WT,1016,2020
Groupama - FDJ,WT,941,2020
Cofidis,WT,847,2020
Team Jumbo-Visma,WT,742,2020
EF Pro Cycling,WT,736,2020
AG2R La Mondiale,WT,735,2020
Bahrain - McLaren,WT,717,2020
Israel Start-Up Nation,WT,583,2020
Astana Pro Team,WT,2840,2020
UAE Team Emirates,WT,1982,2020
Mitchelton-Scott,WT,1737,2020
Team Sunweb,WT,1708,2020
INEOS Grenadiers,WT,1676,2020
BORA - hansgrohe,WT,1479,2020
Deceuninck - Quick Step,WT,1415,2020
Trek - Segafredo,WT,1339,2020
CCC Team,WT,1016,2020
Groupama - FDJ,WT,941,2020
Cofidis,WT,847,2020
Team Jumbo-Visma,WT,742,2020
EF Pro Cycling,WT,736,2020
AG2R La Mondiale,WT,735,2020
Bahrain - McLaren,WT,717,2020
Israel Start-Up Nation,WT,583,2020
Vini Zabù - KTM,PRT,581,2020
Astana Pro Team,WT,2840,2020
UAE Team Emirates,WT,1982,2020
Mitchelton-Scott,WT,1737,2020
Team Sunweb,WT,1708,2020
INEOS Grenadiers,WT,1676,2020
BORA - hansgrohe,WT,1479,2020
Deceuninck - Quick Step,WT,1415,2020
Trek - Segafredo,WT,1339,2020
CCC Team,WT,1016,2020
Groupama - FDJ,WT,941,2020
Cofidis,WT,847,2020
Team Jumbo-Visma,WT,742,2020
EF Pro Cycling,WT,736,2020
AG2R La Mondiale,WT,735,2020
Bahrain - McLaren,WT,717,2020
Israel Start-Up Nation,WT,583,2020
Vini Zabù - KTM,PRT,581,2020
Lotto Soudal,WT,495,2020
Astana Pro Team,WT,2840,2020
UAE Team Emirates,WT,1982,2020
Mitchelton-Scott,WT,1737,2020
Team Sunweb,WT,1708,2020
INEOS Grenadiers,WT,1676,2020
BORA - hansgrohe,WT,1479,2020
Deceuninck - Quick Step,WT,1415,2020
Trek - Segafredo,WT,1339,2020
CCC Team,WT,1016,2020
Groupama - FDJ,WT,941,2020
Cofidis,WT,847,2020
Team Jumbo-Visma,WT,742,2020
EF Pro Cycling,WT,736,2020
AG2R La Mondiale,WT,735,2020
Bahrain - McLaren,WT,717,2020
Israel Start-Up Nation,WT,583,2020
Vini Zabù - KTM,PRT,581,2020
Lotto Soudal,WT,495,2020
NTT Pro Cycling,WT,466,2020
Astana Pro Team,WT,2840,2020
UAE Team Emirates,WT,1982,2020
Mitchelton-Scott,WT,1737,2020
Team Sunweb,WT,1708,2020
INEOS Grenadiers,WT,1676,2020
BORA - hansgrohe,WT,1479,2020
Deceuninck - Quick Step,WT,1415,2020
Trek - Segafredo,WT,1339,2020
CCC Team,WT,1016,2020
Groupama - FDJ,WT,941,2020
Cofidis,WT,847,2020
Team Jumbo-Visma,WT,742,2020
EF Pro Cycling,WT,736,2020
AG2R La Mondiale,WT,735,2020
Bahrain - McLaren,WT,717,2020
Israel Start-Up Nation,WT,583,2020
Vini Zabù - KTM,PRT,581,2020
Lotto Soudal,WT,495,2020
NTT Pro Cycling,WT,466,2020
Movistar Team,WT,365,2020
Astana Pro Team,WT,2840,2020
UAE Team Emirates,WT,1982,2020
Mitchelton-Scott,WT,1737,2020
Team Sunweb,WT,1708,2020
INEOS Grenadiers,WT,1676,2020
BORA - hansgrohe,WT,1479,2020
Deceuninck - Quick Step,WT,1415,2020
Trek - Segafredo,WT,1339,2020
CCC Team,WT,1016,2020
Groupama - FDJ,WT,941,2020
Cofidis,WT,847,2020
Team Jumbo-Visma,WT,742,2020
EF Pro Cycling,WT,736,2020
AG2R La Mondiale,WT,735,2020
Bahrain - McLaren,WT,717,2020
Israel Start-Up Nation,WT,583,2020
Vini Zabù - KTM,PRT,581,2020
Lotto Soudal,WT,495,2020
NTT Pro Cycling,WT,466,2020
Movistar Team,WT,365,2020
Androni Giocattoli - Sidermec,PRT,346,2020
Astana Pro Team,WT,2840,2020
UAE Team Emirates,WT,1982,2020
Mitchelton-Scott,WT,1737,2020
Team Sunweb,WT,1708,2020
INEOS Grenadiers,WT,1676,2020
BORA - hansgrohe,WT,1479,2020
Deceuninck - Quick Step,WT,1415,2020
Trek - Segafredo,WT,1339,2020
CCC Team,WT,1016,2020
Groupama - FDJ,WT,941,2020
Cofidis,WT,847,2020
Team Jumbo-Visma,WT,742,2020
EF Pro Cycling,WT,736,2020
AG2R La Mondiale,WT,735,2020
Bahrain - McLaren,WT,717,2020
Israel Start-Up Nation,WT,583,2020
Vini Zabù - KTM,PRT,581,2020
Lotto Soudal,WT,495,2020
NTT Pro Cycling,WT,466,2020
Movistar Team,WT,365,2020
Androni Giocattoli - Sidermec,PRT,346,2020
Bardiani-CSF-Faizanè,PRT,177,2020
Bahrain - Victorious,WT,3186,2021
Bahrain - Victorious,WT,3186,2021
Deceuninck - Quick Step,WT,3038,2021
Bahrain - Victorious,WT,3186,2021
Deceuninck - Quick Step,WT,3038,2021
INEOS Grenadiers,WT,2917,2021
Bahrain - Victorious,WT,3186,2021
Deceuninck - Quick Step,WT,3038,2021
INEOS Grenadiers,WT,2917,2021
Trek - Segafredo,WT,2367,2021
Bahrain - Victorious,WT,3186,2021
Deceuninck - Quick Step,WT,3038,2021
INEOS Grenadiers,WT,2917,2021
Trek - Segafredo,WT,2367,2021
Astana - Premier Tech,WT,2166,2021
Bahrain - Victorious,WT,3186,2021
Deceuninck - Quick Step,WT,3038,2021
INEOS Grenadiers,WT,2917,2021
Trek - Segafredo,WT,2367,2021
Astana - Premier Tech,WT,2166,2021
BORA - hansgrohe,WT,2007,2021
Bahrain - Victorious,WT,3186,2021
Deceuninck - Quick Step,WT,3038,2021
INEOS Grenadiers,WT,2917,2021
Trek - Segafredo,WT,2367,2021
Astana - Premier Tech,WT,2166,2021
BORA - hansgrohe,WT,2007,2021
Alpecin-Fenix,PRT,1680,2021
Bahrain - Victorious,WT,3186,2021
Deceuninck - Quick Step,WT,3038,2021
INEOS Grenadiers,WT,2917,2021
Trek - Segafredo,WT,2367,2021
Astana - Premier Tech,WT,2166,2021
BORA - hansgrohe,WT,2007,2021
Alpecin-Fenix,PRT,1680,2021
Team Qhubeka ASSOS,WT,1654,2021
Bahrain - Victorious,WT,3186,2021
Deceuninck - Quick Step,WT,3038,2021
INEOS Grenadiers,WT,2917,2021
Trek - Segafredo,WT,2367,2021
Astana - Premier Tech,WT,2166,2021
BORA - hansgrohe,WT,2007,2021
Alpecin-Fenix,PRT,1680,2021
Team Qhubeka ASSOS,WT,1654,2021
Team DSM,WT,1652,2021
Bahrain - Victorious,WT,3186,2021
Deceuninck - Quick Step,WT,3038,2021
INEOS Grenadiers,WT,2917,2021
Trek - Segafredo,WT,2367,2021
Astana - Premier Tech,WT,2166,2021
BORA - hansgrohe,WT,2007,2021
Alpecin-Fenix,PRT,1680,2021
Team Qhubeka ASSOS,WT,1654,2021
Team DSM,WT,1652,2021
EF Education - Nippo,WT,1601,2021
Bahrain - Victorious,WT,3186,2021
Deceuninck - Quick Step,WT,3038,2021
INEOS Grenadiers,WT,2917,2021
Trek - Segafredo,WT,2367,2021
Astana - Premier Tech,WT,2166,2021
BORA - hansgrohe,WT,2007,2021
Alpecin-Fenix,PRT,1680,2021
Team Qhubeka ASSOS,WT,1654,2021
Team DSM,WT,1652,2021
EF Education - Nippo,WT,1601,2021
UAE Team Emirates,WT,1562,2021
Bahrain - Victorious,WT,3186,2021
Deceuninck - Quick Step,WT,3038,2021
INEOS Grenadiers,WT,2917,2021
Trek - Segafredo,WT,2367,2021
Astana - Premier Tech,WT,2166,2021
BORA - hansgrohe,WT,2007,2021
Alpecin-Fenix,PRT,1680,2021
Team Qhubeka ASSOS,WT,1654,2021
Team DSM,WT,1652,2021
EF Education - Nippo,WT,1601,2021
UAE Team Emirates,WT,1562,2021
Lotto Soudal,WT,1522,2021
Bahrain - Victorious,WT,3186,2021
Deceuninck - Quick Step,WT,3038,2021
INEOS Grenadiers,WT,2917,2021
Trek - Segafredo,WT,2367,2021
Astana - Premier Tech,WT,2166,2021
BORA - hansgrohe,WT,2007,2021
Alpecin-Fenix,PRT,1680,2021
Team Qhubeka ASSOS,WT,1654,2021
Team DSM,WT,1652,2021
EF Education - Nippo,WT,1601,2021
UAE Team Emirates,WT,1562,2021
Lotto Soudal,WT,1522,2021
Israel Start-Up Nation,WT,1405,2021
Bahrain - Victorious,WT,3186,2021
Deceuninck - Quick Step,WT,3038,2021
INEOS Grenadiers,WT,2917,2021
Trek - Segafredo,WT,2367,2021
Astana - Premier Tech,WT,2166,2021
BORA - hansgrohe,WT,2007,2021
Alpecin-Fenix,PRT,1680,2021
Team Qhubeka ASSOS,WT,1654,2021
Team DSM,WT,1652,2021
EF Education - Nippo,WT,1601,2021
UAE Team Emirates,WT,1562,2021
Lotto Soudal,WT,1522,2021
Israel Start-Up Nation,WT,1405,2021
Team BikeExchange,WT,1263,2021
Bahrain - Victorious,WT,3186,2021
Deceuninck - Quick Step,WT,3038,2021
INEOS Grenadiers,WT,2917,2021
Trek - Segafredo,WT,2367,2021
Astana - Premier Tech,WT,2166,2021
BORA - hansgrohe,WT,2007,2021
Alpecin-Fenix,PRT,1680,2021
Team Qhubeka ASSOS,WT,1654,2021
Team DSM,WT,1652,2021
EF Education - Nippo,WT,1601,2021
UAE Team Emirates,WT,1562,2021
Lotto Soudal,WT,1522,2021
Israel Start-Up Nation,WT,1405,2021
Team BikeExchange,WT,1263,2021
Movistar Team,WT,1241,2021
Bahrain - Victorious,WT,3186,2021
Deceuninck - Quick Step,WT,3038,2021
INEOS Grenadiers,WT,2917,2021
Trek - Segafredo,WT,2367,2021
Astana - Premier Tech,WT,2166,2021
BORA - hansgrohe,WT,2007,2021
Alpecin-Fenix,PRT,1680,2021
Team Qhubeka ASSOS,WT,1654,2021
Team DSM,WT,1652,2021
EF Education - Nippo,WT,1601,2021
UAE Team Emirates,WT,1562,2021
Lotto Soudal,WT,1522,2021
Israel Start-Up Nation,WT,1405,2021
Team BikeExchange,WT,1263,2021
Movistar Team,WT,1241,2021
Team Jumbo-Visma,WT,1045,2021
Bahrain - Victorious,WT,3186,2021
Deceuninck - Quick Step,WT,3038,2021
INEOS Grenadiers,WT,2917,2021
Trek - Segafredo,WT,2367,2021
Astana - Premier Tech,WT,2166,2021
BORA - hansgrohe,WT,2007,2021
Alpecin-Fenix,PRT,1680,2021
Team Qhubeka ASSOS,WT,1654,2021
Team DSM,WT,1652,2021
EF Education - Nippo,WT,1601,2021
UAE Team Emirates,WT,1562,2021
Lotto Soudal,WT,1522,2021
Israel Start-Up Nation,WT,1405,2021
Team BikeExchange,WT,1263,2021
Movistar Team,WT,1241,2021
Team Jumbo-Visma,WT,1045,2021
AG2R Citroën Team,WT,1038,2021
Bahrain - Victorious,WT,3186,2021
Deceuninck - Quick Step,WT,3038,2021
INEOS Grenadiers,WT,2917,2021
Trek - Segafredo,WT,2367,2021
Astana - Premier Tech,WT,2166,2021
BORA - hansgrohe,WT,2007,2021
Alpecin-Fenix,PRT,1680,2021
Team Qhubeka ASSOS,WT,1654,2021
Team DSM,WT,1652,2021
EF Education - Nippo,WT,1601,2021
UAE Team Emirates,WT,1562,2021
Lotto Soudal,WT,1522,2021
Israel Start-Up Nation,WT,1405,2021
Team BikeExchange,WT,1263,2021
Movistar Team,WT,1241,2021
Team Jumbo-Visma,WT,1045,2021
AG2R Citroën Team,WT,1038,2021
Groupama - FDJ,WT,1035,2021
Bahrain - Victorious,WT,3186,2021
Deceuninck - Quick Step,WT,3038,2021
INEOS Grenadiers,WT,2917,2021
Trek - Segafredo,WT,2367,2021
Astana - Premier Tech,WT,2166,2021
BORA - hansgrohe,WT,2007,2021
Alpecin-Fenix,PRT,1680,2021
Team Qhubeka ASSOS,WT,1654,2021
Team DSM,WT,1652,2021
EF Education - Nippo,WT,1601,2021
UAE Team Emirates,WT,1562,2021
Lotto Soudal,WT,1522,2021
Israel Start-Up Nation,WT,1405,2021
Team BikeExchange,WT,1263,2021
Movistar Team,WT,1241,2021
Team Jumbo-Visma,WT,1045,2021
AG2R Citroën Team,WT,1038,2021
Groupama - FDJ,WT,1035,2021
Cofidis,WT,937,2021
Bahrain - Victorious,WT,3186,2021
Deceuninck - Quick Step,WT,3038,2021
INEOS Grenadiers,WT,2917,2021
Trek - Segafredo,WT,2367,2021
Astana - Premier Tech,WT,2166,2021
BORA - hansgrohe,WT,2007,2021
Alpecin-Fenix,PRT,1680,2021
Team Qhubeka ASSOS,WT,1654,2021
Team DSM,WT,1652,2021
EF Education - Nippo,WT,1601,2021
UAE Team Emirates,WT,1562,2021
Lotto Soudal,WT,1522,2021
Israel Start-Up Nation,WT,1405,2021
Team BikeExchange,WT,1263,2021
Movistar Team,WT,1241,2021
Team Jumbo-Visma,WT,1045,2021
AG2R Citroën Team,WT,1038,2021
Groupama - FDJ,WT,1035,2021
Cofidis,WT,937,2021
Bardiani-CSF-Faizanè,PRT,644,2021
Bahrain - Victorious,WT,3186,2021
Deceuninck - Quick Step,WT,3038,2021
INEOS Grenadiers,WT,2917,2021
Trek - Segafredo,WT,2367,2021
Astana - Premier Tech,WT,2166,2021
BORA - hansgrohe,WT,2007,2021
Alpecin-Fenix,PRT,1680,2021
Team Qhubeka ASSOS,WT,1654,2021
Team DSM,WT,1652,2021
EF Education - Nippo,WT,1601,2021
UAE Team Emirates,WT,1562,2021
Lotto Soudal,WT,1522,2021
Israel Start-Up Nation,WT,1405,2021
Team BikeExchange,WT,1263,2021
Movistar Team,WT,1241,2021
Team Jumbo-Visma,WT,1045,2021
AG2R Citroën Team,WT,1038,2021
Groupama - FDJ,WT,1035,2021
Cofidis,WT,937,2021
Bardiani-CSF-Faizanè,PRT,644,2021
Intermarché - Wanty - Gobert Matériaux,WT,620,2021
Bahrain - Victorious,WT,3186,2021
Deceuninck - Quick Step,WT,3038,2021
INEOS Grenadiers,WT,2917,2021
Trek - Segafredo,WT,2367,2021
Astana - Premier Tech,WT,2166,2021
BORA - hansgrohe,WT,2007,2021
Alpecin-Fenix,PRT,1680,2021
Team Qhubeka ASSOS,WT,1654,2021
Team DSM,WT,1652,2021
EF Education - Nippo,WT,1601,2021
UAE Team Emirates,WT,1562,2021
Lotto Soudal,WT,1522,2021
Israel Start-Up Nation,WT,1405,2021
Team BikeExchange,WT,1263,2021
Movistar Team,WT,1241,2021
Team Jumbo-Visma,WT,1045,2021
AG2R Citroën Team,WT,1038,2021
Groupama - FDJ,WT,1035,2021
Cofidis,WT,937,2021
Bardiani-CSF-Faizanè,PRT,644,2021
Intermarché - Wanty - Gobert Matériaux,WT,620,2021
Androni Giocattoli - Sidermec,PRT,480,2021
Bahrain - Victorious,WT,3186,2021
Deceuninck - Quick Step,WT,3038,2021
INEOS Grenadiers,WT,2917,2021
Trek - Segafredo,WT,2367,2021
Astana - Premier Tech,WT,2166,2021
BORA - hansgrohe,WT,2007,2021
Alpecin-Fenix,PRT,1680,2021
Team Qhubeka ASSOS,WT,1654,2021
Team DSM,WT,1652,2021
EF Education - Nippo,WT,1601,2021
UAE Team Emirates,WT,1562,2021
Lotto Soudal,WT,1522,2021
Israel Start-Up Nation,WT,1405,2021
Team BikeExchange,WT,1263,2021
Movistar Team,WT,1241,2021
Team Jumbo-Visma,WT,1045,2021
AG2R Citroën Team,WT,1038,2021
Groupama - FDJ,WT,1035,2021
Cofidis,WT,937,2021
Bardiani-CSF-Faizanè,PRT,644,2021
Intermarché - Wanty - Gobert Matériaux,WT,620,2021
Androni Giocattoli - Sidermec,PRT,480,2021
EOLO-Kometa,PRT,124,2021
