name,value,year
Date:,05 May 2017,2017
Date:,05 May 2017,2017
Start time:,13:25 ,2017
Date:,05 May 2017,2017
Start time:,13:25 ,2017
Avg. speed winner:,39.42 km/h,2017
Date:,05 May 2017,2017
Start time:,13:25 ,2017
Avg. speed winner:,39.42 km/h,2017
Race category:,ME - Men Elite,2017
Date:,05 May 2017,2017
Start time:,13:25 ,2017
Avg. speed winner:,39.42 km/h,2017
Race category:,ME - Men Elite,2017
Distance:,206 km,2017
Date:,05 May 2017,2017
Start time:,13:25 ,2017
Avg. speed winner:,39.42 km/h,2017
Race category:,ME - Men Elite,2017
Distance:,206 km,2017
Points scale:,GT.B.Stage,2017
Date:,05 May 2017,2017
Start time:,13:25 ,2017
Avg. speed winner:,39.42 km/h,2017
Race category:,ME - Men Elite,2017
Distance:,206 km,2017
Points scale:,GT.B.Stage,2017
Parcours type:,p2,2017
Date:,05 May 2017,2017
Start time:,13:25 ,2017
Avg. speed winner:,39.42 km/h,2017
Race category:,ME - Men Elite,2017
Distance:,206 km,2017
Points scale:,GT.B.Stage,2017
Parcours type:,p2,2017
ProfileScore:,51,2017
Date:,05 May 2017,2017
Start time:,13:25 ,2017
Avg. speed winner:,39.42 km/h,2017
Race category:,ME - Men Elite,2017
Distance:,206 km,2017
Points scale:,GT.B.Stage,2017
Parcours type:,p2,2017
ProfileScore:,51,2017
Vert. meters:,2176,2017
Date:,05 May 2017,2017
Start time:,13:25 ,2017
Avg. speed winner:,39.42 km/h,2017
Race category:,ME - Men Elite,2017
Distance:,206 km,2017
Points scale:,GT.B.Stage,2017
Parcours type:,p2,2017
ProfileScore:,51,2017
Vert. meters:,2176,2017
Departure:,Alghero,2017
Date:,05 May 2017,2017
Start time:,13:25 ,2017
Avg. speed winner:,39.42 km/h,2017
Race category:,ME - Men Elite,2017
Distance:,206 km,2017
Points scale:,GT.B.Stage,2017
Parcours type:,p2,2017
ProfileScore:,51,2017
Vert. meters:,2176,2017
Departure:,Alghero,2017
Arrival:,Olbia,2017
Date:,05 May 2017,2017
Start time:,13:25 ,2017
Avg. speed winner:,39.42 km/h,2017
Race category:,ME - Men Elite,2017
Distance:,206 km,2017
Points scale:,GT.B.Stage,2017
Parcours type:,p2,2017
ProfileScore:,51,2017
Vert. meters:,2176,2017
Departure:,Alghero,2017
Arrival:,Olbia,2017
Race ranking:,23,2017
Date:,05 May 2017,2017
Start time:,13:25 ,2017
Avg. speed winner:,39.42 km/h,2017
Race category:,ME - Men Elite,2017
Distance:,206 km,2017
Points scale:,GT.B.Stage,2017
Parcours type:,p2,2017
ProfileScore:,51,2017
Vert. meters:,2176,2017
Departure:,Alghero,2017
Arrival:,Olbia,2017
Race ranking:,23,2017
Startlist quality score:,795,2017
Date:,05 May 2017,2017
Start time:,13:25 ,2017
Avg. speed winner:,39.42 km/h,2017
Race category:,ME - Men Elite,2017
Distance:,206 km,2017
Points scale:,GT.B.Stage,2017
Parcours type:,p2,2017
ProfileScore:,51,2017
Vert. meters:,2176,2017
Departure:,Alghero,2017
Arrival:,Olbia,2017
Race ranking:,23,2017
Startlist quality score:,795,2017
Won how:,0.7 km solo,2017
Date:,06 May 2017,2017
Date:,06 May 2017,2017
Start time:,12:50 ,2017
Date:,06 May 2017,2017
Start time:,12:50 ,2017
Avg. speed winner:,36.3 km/h,2017
Date:,06 May 2017,2017
Start time:,12:50 ,2017
Avg. speed winner:,36.3 km/h,2017
Race category:,ME - Men Elite,2017
Date:,06 May 2017,2017
Start time:,12:50 ,2017
Avg. speed winner:,36.3 km/h,2017
Race category:,ME - Men Elite,2017
Distance:,221 km,2017
Date:,06 May 2017,2017
Start time:,12:50 ,2017
Avg. speed winner:,36.3 km/h,2017
Race category:,ME - Men Elite,2017
Distance:,221 km,2017
Points scale:,GT.B.Stage,2017
Date:,06 May 2017,2017
Start time:,12:50 ,2017
Avg. speed winner:,36.3 km/h,2017
Race category:,ME - Men Elite,2017
Distance:,221 km,2017
Points scale:,GT.B.Stage,2017
Parcours type:,p2,2017
Date:,06 May 2017,2017
Start time:,12:50 ,2017
Avg. speed winner:,36.3 km/h,2017
Race category:,ME - Men Elite,2017
Distance:,221 km,2017
Points scale:,GT.B.Stage,2017
Parcours type:,p2,2017
ProfileScore:,91,2017
Date:,06 May 2017,2017
Start time:,12:50 ,2017
Avg. speed winner:,36.3 km/h,2017
Race category:,ME - Men Elite,2017
Distance:,221 km,2017
Points scale:,GT.B.Stage,2017
Parcours type:,p2,2017
ProfileScore:,91,2017
Vert. meters:,3518,2017
Date:,06 May 2017,2017
Start time:,12:50 ,2017
Avg. speed winner:,36.3 km/h,2017
Race category:,ME - Men Elite,2017
Distance:,221 km,2017
Points scale:,GT.B.Stage,2017
Parcours type:,p2,2017
ProfileScore:,91,2017
Vert. meters:,3518,2017
Departure:,Olbia,2017
Date:,06 May 2017,2017
Start time:,12:50 ,2017
Avg. speed winner:,36.3 km/h,2017
Race category:,ME - Men Elite,2017
Distance:,221 km,2017
Points scale:,GT.B.Stage,2017
Parcours type:,p2,2017
ProfileScore:,91,2017
Vert. meters:,3518,2017
Departure:,Olbia,2017
Arrival:,Tortoli,2017
Date:,06 May 2017,2017
Start time:,12:50 ,2017
Avg. speed winner:,36.3 km/h,2017
Race category:,ME - Men Elite,2017
Distance:,221 km,2017
Points scale:,GT.B.Stage,2017
Parcours type:,p2,2017
ProfileScore:,91,2017
Vert. meters:,3518,2017
Departure:,Olbia,2017
Arrival:,Tortoli,2017
Race ranking:,23,2017
Date:,06 May 2017,2017
Start time:,12:50 ,2017
Avg. speed winner:,36.3 km/h,2017
Race category:,ME - Men Elite,2017
Distance:,221 km,2017
Points scale:,GT.B.Stage,2017
Parcours type:,p2,2017
ProfileScore:,91,2017
Vert. meters:,3518,2017
Departure:,Olbia,2017
Arrival:,Tortoli,2017
Race ranking:,23,2017
Startlist quality score:,795,2017
Date:,06 May 2017,2017
Start time:,12:50 ,2017
Avg. speed winner:,36.3 km/h,2017
Race category:,ME - Men Elite,2017
Distance:,221 km,2017
Points scale:,GT.B.Stage,2017
Parcours type:,p2,2017
ProfileScore:,91,2017
Vert. meters:,3518,2017
Departure:,Olbia,2017
Arrival:,Tortoli,2017
Race ranking:,23,2017
Startlist quality score:,795,2017
Won how:,Sprint of large group,2017
Date:,07 May 2017,2017
Date:,07 May 2017,2017
Start time:,14:45 ,2017
Date:,07 May 2017,2017
Start time:,14:45 ,2017
Avg. speed winner:,42.99 km/h,2017
Date:,07 May 2017,2017
Start time:,14:45 ,2017
Avg. speed winner:,42.99 km/h,2017
Race category:,ME - Men Elite,2017
Date:,07 May 2017,2017
Start time:,14:45 ,2017
Avg. speed winner:,42.99 km/h,2017
Race category:,ME - Men Elite,2017
Distance:,148 km,2017
Date:,07 May 2017,2017
Start time:,14:45 ,2017
Avg. speed winner:,42.99 km/h,2017
Race category:,ME - Men Elite,2017
Distance:,148 km,2017
Points scale:,GT.B.Stage,2017
Date:,07 May 2017,2017
Start time:,14:45 ,2017
Avg. speed winner:,42.99 km/h,2017
Race category:,ME - Men Elite,2017
Distance:,148 km,2017
Points scale:,GT.B.Stage,2017
Parcours type:,p1,2017
Date:,07 May 2017,2017
Start time:,14:45 ,2017
Avg. speed winner:,42.99 km/h,2017
Race category:,ME - Men Elite,2017
Distance:,148 km,2017
Points scale:,GT.B.Stage,2017
Parcours type:,p1,2017
ProfileScore:,41,2017
Date:,07 May 2017,2017
Start time:,14:45 ,2017
Avg. speed winner:,42.99 km/h,2017
Race category:,ME - Men Elite,2017
Distance:,148 km,2017
Points scale:,GT.B.Stage,2017
Parcours type:,p1,2017
ProfileScore:,41,2017
Vert. meters:,1441,2017
Date:,07 May 2017,2017
Start time:,14:45 ,2017
Avg. speed winner:,42.99 km/h,2017
Race category:,ME - Men Elite,2017
Distance:,148 km,2017
Points scale:,GT.B.Stage,2017
Parcours type:,p1,2017
ProfileScore:,41,2017
Vert. meters:,1441,2017
Departure:,Tortolì,2017
Date:,07 May 2017,2017
Start time:,14:45 ,2017
Avg. speed winner:,42.99 km/h,2017
Race category:,ME - Men Elite,2017
Distance:,148 km,2017
Points scale:,GT.B.Stage,2017
Parcours type:,p1,2017
ProfileScore:,41,2017
Vert. meters:,1441,2017
Departure:,Tortolì,2017
Arrival:,Cagliari,2017
Date:,07 May 2017,2017
Start time:,14:45 ,2017
Avg. speed winner:,42.99 km/h,2017
Race category:,ME - Men Elite,2017
Distance:,148 km,2017
Points scale:,GT.B.Stage,2017
Parcours type:,p1,2017
ProfileScore:,41,2017
Vert. meters:,1441,2017
Departure:,Tortolì,2017
Arrival:,Cagliari,2017
Race ranking:,23,2017
Date:,07 May 2017,2017
Start time:,14:45 ,2017
Avg. speed winner:,42.99 km/h,2017
Race category:,ME - Men Elite,2017
Distance:,148 km,2017
Points scale:,GT.B.Stage,2017
Parcours type:,p1,2017
ProfileScore:,41,2017
Vert. meters:,1441,2017
Departure:,Tortolì,2017
Arrival:,Cagliari,2017
Race ranking:,23,2017
Startlist quality score:,795,2017
Date:,07 May 2017,2017
Start time:,14:45 ,2017
Avg. speed winner:,42.99 km/h,2017
Race category:,ME - Men Elite,2017
Distance:,148 km,2017
Points scale:,GT.B.Stage,2017
Parcours type:,p1,2017
ProfileScore:,41,2017
Vert. meters:,1441,2017
Departure:,Tortolì,2017
Arrival:,Cagliari,2017
Race ranking:,23,2017
Startlist quality score:,795,2017
Won how:,Sprint of small group,2017
Date:,09 May 2017,2017
Date:,09 May 2017,2017
Start time:,13:05 ,2017
Date:,09 May 2017,2017
Start time:,13:05 ,2017
Avg. speed winner:,36.69 km/h,2017
Date:,09 May 2017,2017
Start time:,13:05 ,2017
Avg. speed winner:,36.69 km/h,2017
Race category:,ME - Men Elite,2017
Date:,09 May 2017,2017
Start time:,13:05 ,2017
Avg. speed winner:,36.69 km/h,2017
Race category:,ME - Men Elite,2017
Distance:,181 km,2017
Date:,09 May 2017,2017
Start time:,13:05 ,2017
Avg. speed winner:,36.69 km/h,2017
Race category:,ME - Men Elite,2017
Distance:,181 km,2017
Points scale:,GT.B.Stage,2017
Date:,09 May 2017,2017
Start time:,13:05 ,2017
Avg. speed winner:,36.69 km/h,2017
Race category:,ME - Men Elite,2017
Distance:,181 km,2017
Points scale:,GT.B.Stage,2017
Parcours type:,p5,2017
Date:,09 May 2017,2017
Start time:,13:05 ,2017
Avg. speed winner:,36.69 km/h,2017
Race category:,ME - Men Elite,2017
Distance:,181 km,2017
Points scale:,GT.B.Stage,2017
Parcours type:,p5,2017
ProfileScore:,298,2017
Date:,09 May 2017,2017
Start time:,13:05 ,2017
Avg. speed winner:,36.69 km/h,2017
Race category:,ME - Men Elite,2017
Distance:,181 km,2017
Points scale:,GT.B.Stage,2017
Parcours type:,p5,2017
ProfileScore:,298,2017
Vert. meters:,4170,2017
Date:,09 May 2017,2017
Start time:,13:05 ,2017
Avg. speed winner:,36.69 km/h,2017
Race category:,ME - Men Elite,2017
Distance:,181 km,2017
Points scale:,GT.B.Stage,2017
Parcours type:,p5,2017
ProfileScore:,298,2017
Vert. meters:,4170,2017
Departure:,Cefalù,2017
Date:,09 May 2017,2017
Start time:,13:05 ,2017
Avg. speed winner:,36.69 km/h,2017
Race category:,ME - Men Elite,2017
Distance:,181 km,2017
Points scale:,GT.B.Stage,2017
Parcours type:,p5,2017
ProfileScore:,298,2017
Vert. meters:,4170,2017
Departure:,Cefalù,2017
Arrival:,Etna,2017
Date:,09 May 2017,2017
Start time:,13:05 ,2017
Avg. speed winner:,36.69 km/h,2017
Race category:,ME - Men Elite,2017
Distance:,181 km,2017
Points scale:,GT.B.Stage,2017
Parcours type:,p5,2017
ProfileScore:,298,2017
Vert. meters:,4170,2017
Departure:,Cefalù,2017
Arrival:,Etna,2017
Race ranking:,23,2017
Date:,09 May 2017,2017
Start time:,13:05 ,2017
Avg. speed winner:,36.69 km/h,2017
Race category:,ME - Men Elite,2017
Distance:,181 km,2017
Points scale:,GT.B.Stage,2017
Parcours type:,p5,2017
ProfileScore:,298,2017
Vert. meters:,4170,2017
Departure:,Cefalù,2017
Arrival:,Etna,2017
Race ranking:,23,2017
Startlist quality score:,795,2017
Date:,09 May 2017,2017
Start time:,13:05 ,2017
Avg. speed winner:,36.69 km/h,2017
Race category:,ME - Men Elite,2017
Distance:,181 km,2017
Points scale:,GT.B.Stage,2017
Parcours type:,p5,2017
ProfileScore:,298,2017
Vert. meters:,4170,2017
Departure:,Cefalù,2017
Arrival:,Etna,2017
Race ranking:,23,2017
Startlist quality score:,795,2017
Won how:,16.6 km solo,2017
Date:,10 May 2017,2017
Date:,10 May 2017,2017
Start time:,14:20 ,2017
Date:,10 May 2017,2017
Start time:,14:20 ,2017
Avg. speed winner:,43.33 km/h,2017
Date:,10 May 2017,2017
Start time:,14:20 ,2017
Avg. speed winner:,43.33 km/h,2017
Race category:,ME - Men Elite,2017
Date:,10 May 2017,2017
Start time:,14:20 ,2017
Avg. speed winner:,43.33 km/h,2017
Race category:,ME - Men Elite,2017
Distance:,159 km,2017
Date:,10 May 2017,2017
Start time:,14:20 ,2017
Avg. speed winner:,43.33 km/h,2017
Race category:,ME - Men Elite,2017
Distance:,159 km,2017
Points scale:,GT.B.Stage,2017
Date:,10 May 2017,2017
Start time:,14:20 ,2017
Avg. speed winner:,43.33 km/h,2017
Race category:,ME - Men Elite,2017
Distance:,159 km,2017
Points scale:,GT.B.Stage,2017
Parcours type:,p2,2017
Date:,10 May 2017,2017
Start time:,14:20 ,2017
Avg. speed winner:,43.33 km/h,2017
Race category:,ME - Men Elite,2017
Distance:,159 km,2017
Points scale:,GT.B.Stage,2017
Parcours type:,p2,2017
ProfileScore:,43,2017
Date:,10 May 2017,2017
Start time:,14:20 ,2017
Avg. speed winner:,43.33 km/h,2017
Race category:,ME - Men Elite,2017
Distance:,159 km,2017
Points scale:,GT.B.Stage,2017
Parcours type:,p2,2017
ProfileScore:,43,2017
Vert. meters:,1780,2017
Date:,10 May 2017,2017
Start time:,14:20 ,2017
Avg. speed winner:,43.33 km/h,2017
Race category:,ME - Men Elite,2017
Distance:,159 km,2017
Points scale:,GT.B.Stage,2017
Parcours type:,p2,2017
ProfileScore:,43,2017
Vert. meters:,1780,2017
Departure:,Pedara,2017
Date:,10 May 2017,2017
Start time:,14:20 ,2017
Avg. speed winner:,43.33 km/h,2017
Race category:,ME - Men Elite,2017
Distance:,159 km,2017
Points scale:,GT.B.Stage,2017
Parcours type:,p2,2017
ProfileScore:,43,2017
Vert. meters:,1780,2017
Departure:,Pedara,2017
Arrival:,Messina,2017
Date:,10 May 2017,2017
Start time:,14:20 ,2017
Avg. speed winner:,43.33 km/h,2017
Race category:,ME - Men Elite,2017
Distance:,159 km,2017
Points scale:,GT.B.Stage,2017
Parcours type:,p2,2017
ProfileScore:,43,2017
Vert. meters:,1780,2017
Departure:,Pedara,2017
Arrival:,Messina,2017
Race ranking:,23,2017
Date:,10 May 2017,2017
Start time:,14:20 ,2017
Avg. speed winner:,43.33 km/h,2017
Race category:,ME - Men Elite,2017
Distance:,159 km,2017
Points scale:,GT.B.Stage,2017
Parcours type:,p2,2017
ProfileScore:,43,2017
Vert. meters:,1780,2017
Departure:,Pedara,2017
Arrival:,Messina,2017
Race ranking:,23,2017
Startlist quality score:,795,2017
Date:,10 May 2017,2017
Start time:,14:20 ,2017
Avg. speed winner:,43.33 km/h,2017
Race category:,ME - Men Elite,2017
Distance:,159 km,2017
Points scale:,GT.B.Stage,2017
Parcours type:,p2,2017
ProfileScore:,43,2017
Vert. meters:,1780,2017
Departure:,Pedara,2017
Arrival:,Messina,2017
Race ranking:,23,2017
Startlist quality score:,795,2017
Won how:,Sprint of large group,2017
Date:,11 May 2017,2017
Date:,11 May 2017,2017
Start time:,12:45 ,2017
Date:,11 May 2017,2017
Start time:,12:45 ,2017
Avg. speed winner:,43.69 km/h,2017
Date:,11 May 2017,2017
Start time:,12:45 ,2017
Avg. speed winner:,43.69 km/h,2017
Race category:,ME - Men Elite,2017
Date:,11 May 2017,2017
Start time:,12:45 ,2017
Avg. speed winner:,43.69 km/h,2017
Race category:,ME - Men Elite,2017
Distance:,217 km,2017
Date:,11 May 2017,2017
Start time:,12:45 ,2017
Avg. speed winner:,43.69 km/h,2017
Race category:,ME - Men Elite,2017
Distance:,217 km,2017
Points scale:,GT.B.Stage,2017
Date:,11 May 2017,2017
Start time:,12:45 ,2017
Avg. speed winner:,43.69 km/h,2017
Race category:,ME - Men Elite,2017
Distance:,217 km,2017
Points scale:,GT.B.Stage,2017
Parcours type:,p2,2017
Date:,11 May 2017,2017
Start time:,12:45 ,2017
Avg. speed winner:,43.69 km/h,2017
Race category:,ME - Men Elite,2017
Distance:,217 km,2017
Points scale:,GT.B.Stage,2017
Parcours type:,p2,2017
ProfileScore:,72,2017
Date:,11 May 2017,2017
Start time:,12:45 ,2017
Avg. speed winner:,43.69 km/h,2017
Race category:,ME - Men Elite,2017
Distance:,217 km,2017
Points scale:,GT.B.Stage,2017
Parcours type:,p2,2017
ProfileScore:,72,2017
Vert. meters:,2247,2017
Date:,11 May 2017,2017
Start time:,12:45 ,2017
Avg. speed winner:,43.69 km/h,2017
Race category:,ME - Men Elite,2017
Distance:,217 km,2017
Points scale:,GT.B.Stage,2017
Parcours type:,p2,2017
ProfileScore:,72,2017
Vert. meters:,2247,2017
Departure:,Reggio Calabria,2017
Date:,11 May 2017,2017
Start time:,12:45 ,2017
Avg. speed winner:,43.69 km/h,2017
Race category:,ME - Men Elite,2017
Distance:,217 km,2017
Points scale:,GT.B.Stage,2017
Parcours type:,p2,2017
ProfileScore:,72,2017
Vert. meters:,2247,2017
Departure:,Reggio Calabria,2017
Arrival:,Terme Luigiane,2017
Date:,11 May 2017,2017
Start time:,12:45 ,2017
Avg. speed winner:,43.69 km/h,2017
Race category:,ME - Men Elite,2017
Distance:,217 km,2017
Points scale:,GT.B.Stage,2017
Parcours type:,p2,2017
ProfileScore:,72,2017
Vert. meters:,2247,2017
Departure:,Reggio Calabria,2017
Arrival:,Terme Luigiane,2017
Race ranking:,23,2017
Date:,11 May 2017,2017
Start time:,12:45 ,2017
Avg. speed winner:,43.69 km/h,2017
Race category:,ME - Men Elite,2017
Distance:,217 km,2017
Points scale:,GT.B.Stage,2017
Parcours type:,p2,2017
ProfileScore:,72,2017
Vert. meters:,2247,2017
Departure:,Reggio Calabria,2017
Arrival:,Terme Luigiane,2017
Race ranking:,23,2017
Startlist quality score:,795,2017
Date:,11 May 2017,2017
Start time:,12:45 ,2017
Avg. speed winner:,43.69 km/h,2017
Race category:,ME - Men Elite,2017
Distance:,217 km,2017
Points scale:,GT.B.Stage,2017
Parcours type:,p2,2017
ProfileScore:,72,2017
Vert. meters:,2247,2017
Departure:,Reggio Calabria,2017
Arrival:,Terme Luigiane,2017
Race ranking:,23,2017
Startlist quality score:,795,2017
Won how:,Sprint of small group,2017
Date:,12 May 2017,2017
Date:,12 May 2017,2017
Start time:,13:00 ,2017
Date:,12 May 2017,2017
Start time:,13:00 ,2017
Avg. speed winner:,40.08 km/h,2017
Date:,12 May 2017,2017
Start time:,13:00 ,2017
Avg. speed winner:,40.08 km/h,2017
Race category:,ME - Men Elite,2017
Date:,12 May 2017,2017
Start time:,13:00 ,2017
Avg. speed winner:,40.08 km/h,2017
Race category:,ME - Men Elite,2017
Distance:,224 km,2017
Date:,12 May 2017,2017
Start time:,13:00 ,2017
Avg. speed winner:,40.08 km/h,2017
Race category:,ME - Men Elite,2017
Distance:,224 km,2017
Points scale:,GT.B.Stage,2017
Date:,12 May 2017,2017
Start time:,13:00 ,2017
Avg. speed winner:,40.08 km/h,2017
Race category:,ME - Men Elite,2017
Distance:,224 km,2017
Points scale:,GT.B.Stage,2017
Parcours type:,p2,2017
Date:,12 May 2017,2017
Start time:,13:00 ,2017
Avg. speed winner:,40.08 km/h,2017
Race category:,ME - Men Elite,2017
Distance:,224 km,2017
Points scale:,GT.B.Stage,2017
Parcours type:,p2,2017
ProfileScore:,27,2017
Date:,12 May 2017,2017
Start time:,13:00 ,2017
Avg. speed winner:,40.08 km/h,2017
Race category:,ME - Men Elite,2017
Distance:,224 km,2017
Points scale:,GT.B.Stage,2017
Parcours type:,p2,2017
ProfileScore:,27,2017
Vert. meters:,1340,2017
Date:,12 May 2017,2017
Start time:,13:00 ,2017
Avg. speed winner:,40.08 km/h,2017
Race category:,ME - Men Elite,2017
Distance:,224 km,2017
Points scale:,GT.B.Stage,2017
Parcours type:,p2,2017
ProfileScore:,27,2017
Vert. meters:,1340,2017
Departure:,Castrovillari,2017
Date:,12 May 2017,2017
Start time:,13:00 ,2017
Avg. speed winner:,40.08 km/h,2017
Race category:,ME - Men Elite,2017
Distance:,224 km,2017
Points scale:,GT.B.Stage,2017
Parcours type:,p2,2017
ProfileScore:,27,2017
Vert. meters:,1340,2017
Departure:,Castrovillari,2017
Arrival:,Alberobello,2017
Date:,12 May 2017,2017
Start time:,13:00 ,2017
Avg. speed winner:,40.08 km/h,2017
Race category:,ME - Men Elite,2017
Distance:,224 km,2017
Points scale:,GT.B.Stage,2017
Parcours type:,p2,2017
ProfileScore:,27,2017
Vert. meters:,1340,2017
Departure:,Castrovillari,2017
Arrival:,Alberobello,2017
Race ranking:,23,2017
Date:,12 May 2017,2017
Start time:,13:00 ,2017
Avg. speed winner:,40.08 km/h,2017
Race category:,ME - Men Elite,2017
Distance:,224 km,2017
Points scale:,GT.B.Stage,2017
Parcours type:,p2,2017
ProfileScore:,27,2017
Vert. meters:,1340,2017
Departure:,Castrovillari,2017
Arrival:,Alberobello,2017
Race ranking:,23,2017
Startlist quality score:,795,2017
Date:,12 May 2017,2017
Start time:,13:00 ,2017
Avg. speed winner:,40.08 km/h,2017
Race category:,ME - Men Elite,2017
Distance:,224 km,2017
Points scale:,GT.B.Stage,2017
Parcours type:,p2,2017
ProfileScore:,27,2017
Vert. meters:,1340,2017
Departure:,Castrovillari,2017
Arrival:,Alberobello,2017
Race ranking:,23,2017
Startlist quality score:,795,2017
Won how:,Sprint of large group,2017
Date:,13 May 2017,2017
Date:,13 May 2017,2017
Start time:,13:35 ,2017
Date:,13 May 2017,2017
Start time:,13:35 ,2017
Avg. speed winner:,42.8 km/h,2017
Date:,13 May 2017,2017
Start time:,13:35 ,2017
Avg. speed winner:,42.8 km/h,2017
Race category:,ME - Men Elite,2017
Date:,13 May 2017,2017
Start time:,13:35 ,2017
Avg. speed winner:,42.8 km/h,2017
Race category:,ME - Men Elite,2017
Distance:,189 km,2017
Date:,13 May 2017,2017
Start time:,13:35 ,2017
Avg. speed winner:,42.8 km/h,2017
Race category:,ME - Men Elite,2017
Distance:,189 km,2017
Points scale:,GT.B.Stage,2017
Date:,13 May 2017,2017
Start time:,13:35 ,2017
Avg. speed winner:,42.8 km/h,2017
Race category:,ME - Men Elite,2017
Distance:,189 km,2017
Points scale:,GT.B.Stage,2017
Parcours type:,p2,2017
Date:,13 May 2017,2017
Start time:,13:35 ,2017
Avg. speed winner:,42.8 km/h,2017
Race category:,ME - Men Elite,2017
Distance:,189 km,2017
Points scale:,GT.B.Stage,2017
Parcours type:,p2,2017
ProfileScore:,110,2017
Date:,13 May 2017,2017
Start time:,13:35 ,2017
Avg. speed winner:,42.8 km/h,2017
Race category:,ME - Men Elite,2017
Distance:,189 km,2017
Points scale:,GT.B.Stage,2017
Parcours type:,p2,2017
ProfileScore:,110,2017
Vert. meters:,2127,2017
Date:,13 May 2017,2017
Start time:,13:35 ,2017
Avg. speed winner:,42.8 km/h,2017
Race category:,ME - Men Elite,2017
Distance:,189 km,2017
Points scale:,GT.B.Stage,2017
Parcours type:,p2,2017
ProfileScore:,110,2017
Vert. meters:,2127,2017
Departure:,Molfetta,2017
Date:,13 May 2017,2017
Start time:,13:35 ,2017
Avg. speed winner:,42.8 km/h,2017
Race category:,ME - Men Elite,2017
Distance:,189 km,2017
Points scale:,GT.B.Stage,2017
Parcours type:,p2,2017
ProfileScore:,110,2017
Vert. meters:,2127,2017
Departure:,Molfetta,2017
Arrival:,Peschici,2017
Date:,13 May 2017,2017
Start time:,13:35 ,2017
Avg. speed winner:,42.8 km/h,2017
Race category:,ME - Men Elite,2017
Distance:,189 km,2017
Points scale:,GT.B.Stage,2017
Parcours type:,p2,2017
ProfileScore:,110,2017
Vert. meters:,2127,2017
Departure:,Molfetta,2017
Arrival:,Peschici,2017
Race ranking:,23,2017
Date:,13 May 2017,2017
Start time:,13:35 ,2017
Avg. speed winner:,42.8 km/h,2017
Race category:,ME - Men Elite,2017
Distance:,189 km,2017
Points scale:,GT.B.Stage,2017
Parcours type:,p2,2017
ProfileScore:,110,2017
Vert. meters:,2127,2017
Departure:,Molfetta,2017
Arrival:,Peschici,2017
Race ranking:,23,2017
Startlist quality score:,795,2017
Date:,13 May 2017,2017
Start time:,13:35 ,2017
Avg. speed winner:,42.8 km/h,2017
Race category:,ME - Men Elite,2017
Distance:,189 km,2017
Points scale:,GT.B.Stage,2017
Parcours type:,p2,2017
ProfileScore:,110,2017
Vert. meters:,2127,2017
Departure:,Molfetta,2017
Arrival:,Peschici,2017
Race ranking:,23,2017
Startlist quality score:,795,2017
Won how:,0.9 km solo,2017
Date:,14 May 2017,2017
Date:,14 May 2017,2017
Start time:,14:10 ,2017
Date:,14 May 2017,2017
Start time:,14:10 ,2017
Avg. speed winner:,40.56 km/h,2017
Date:,14 May 2017,2017
Start time:,14:10 ,2017
Avg. speed winner:,40.56 km/h,2017
Race category:,ME - Men Elite,2017
Date:,14 May 2017,2017
Start time:,14:10 ,2017
Avg. speed winner:,40.56 km/h,2017
Race category:,ME - Men Elite,2017
Distance:,152 km,2017
Date:,14 May 2017,2017
Start time:,14:10 ,2017
Avg. speed winner:,40.56 km/h,2017
Race category:,ME - Men Elite,2017
Distance:,152 km,2017
Points scale:,GT.B.Stage,2017
Date:,14 May 2017,2017
Start time:,14:10 ,2017
Avg. speed winner:,40.56 km/h,2017
Race category:,ME - Men Elite,2017
Distance:,152 km,2017
Points scale:,GT.B.Stage,2017
Parcours type:,p5,2017
Date:,14 May 2017,2017
Start time:,14:10 ,2017
Avg. speed winner:,40.56 km/h,2017
Race category:,ME - Men Elite,2017
Distance:,152 km,2017
Points scale:,GT.B.Stage,2017
Parcours type:,p5,2017
ProfileScore:,308,2017
Date:,14 May 2017,2017
Start time:,14:10 ,2017
Avg. speed winner:,40.56 km/h,2017
Race category:,ME - Men Elite,2017
Distance:,152 km,2017
Points scale:,GT.B.Stage,2017
Parcours type:,p5,2017
ProfileScore:,308,2017
Vert. meters:,2921,2017
Date:,14 May 2017,2017
Start time:,14:10 ,2017
Avg. speed winner:,40.56 km/h,2017
Race category:,ME - Men Elite,2017
Distance:,152 km,2017
Points scale:,GT.B.Stage,2017
Parcours type:,p5,2017
ProfileScore:,308,2017
Vert. meters:,2921,2017
Departure:,Montenero di Bisaccia,2017
Date:,14 May 2017,2017
Start time:,14:10 ,2017
Avg. speed winner:,40.56 km/h,2017
Race category:,ME - Men Elite,2017
Distance:,152 km,2017
Points scale:,GT.B.Stage,2017
Parcours type:,p5,2017
ProfileScore:,308,2017
Vert. meters:,2921,2017
Departure:,Montenero di Bisaccia,2017
Arrival:,Blockhaus,2017
Date:,14 May 2017,2017
Start time:,14:10 ,2017
Avg. speed winner:,40.56 km/h,2017
Race category:,ME - Men Elite,2017
Distance:,152 km,2017
Points scale:,GT.B.Stage,2017
Parcours type:,p5,2017
ProfileScore:,308,2017
Vert. meters:,2921,2017
Departure:,Montenero di Bisaccia,2017
Arrival:,Blockhaus,2017
Race ranking:,23,2017
Date:,14 May 2017,2017
Start time:,14:10 ,2017
Avg. speed winner:,40.56 km/h,2017
Race category:,ME - Men Elite,2017
Distance:,152 km,2017
Points scale:,GT.B.Stage,2017
Parcours type:,p5,2017
ProfileScore:,308,2017
Vert. meters:,2921,2017
Departure:,Montenero di Bisaccia,2017
Arrival:,Blockhaus,2017
Race ranking:,23,2017
Startlist quality score:,795,2017
Date:,14 May 2017,2017
Start time:,14:10 ,2017
Avg. speed winner:,40.56 km/h,2017
Race category:,ME - Men Elite,2017
Distance:,152 km,2017
Points scale:,GT.B.Stage,2017
Parcours type:,p5,2017
ProfileScore:,308,2017
Vert. meters:,2921,2017
Departure:,Montenero di Bisaccia,2017
Arrival:,Blockhaus,2017
Race ranking:,23,2017
Startlist quality score:,795,2017
Won how:,4.6 km solo,2017
Date:,16 May 2017,2017
Date:,16 May 2017,2017
Start time:,13:50 ,2017
Date:,16 May 2017,2017
Start time:,13:50 ,2017
Avg. speed winner:,47.18 km/h,2017
Date:,16 May 2017,2017
Start time:,13:50 ,2017
Avg. speed winner:,47.18 km/h,2017
Race category:,ME - Men Elite,2017
Date:,16 May 2017,2017
Start time:,13:50 ,2017
Avg. speed winner:,47.18 km/h,2017
Race category:,ME - Men Elite,2017
Distance:,39.8 km,2017
Date:,16 May 2017,2017
Start time:,13:50 ,2017
Avg. speed winner:,47.18 km/h,2017
Race category:,ME - Men Elite,2017
Distance:,39.8 km,2017
Points scale:,GT.B.Stage,2017
Date:,16 May 2017,2017
Start time:,13:50 ,2017
Avg. speed winner:,47.18 km/h,2017
Race category:,ME - Men Elite,2017
Distance:,39.8 km,2017
Points scale:,GT.B.Stage,2017
Parcours type:,p2,2017
Date:,16 May 2017,2017
Start time:,13:50 ,2017
Avg. speed winner:,47.18 km/h,2017
Race category:,ME - Men Elite,2017
Distance:,39.8 km,2017
Points scale:,GT.B.Stage,2017
Parcours type:,p2,2017
ProfileScore:,35,2017
Date:,16 May 2017,2017
Start time:,13:50 ,2017
Avg. speed winner:,47.18 km/h,2017
Race category:,ME - Men Elite,2017
Distance:,39.8 km,2017
Points scale:,GT.B.Stage,2017
Parcours type:,p2,2017
ProfileScore:,35,2017
Vert. meters:,505,2017
Date:,16 May 2017,2017
Start time:,13:50 ,2017
Avg. speed winner:,47.18 km/h,2017
Race category:,ME - Men Elite,2017
Distance:,39.8 km,2017
Points scale:,GT.B.Stage,2017
Parcours type:,p2,2017
ProfileScore:,35,2017
Vert. meters:,505,2017
Departure:,Foligno,2017
Date:,16 May 2017,2017
Start time:,13:50 ,2017
Avg. speed winner:,47.18 km/h,2017
Race category:,ME - Men Elite,2017
Distance:,39.8 km,2017
Points scale:,GT.B.Stage,2017
Parcours type:,p2,2017
ProfileScore:,35,2017
Vert. meters:,505,2017
Departure:,Foligno,2017
Arrival:,Montefalco,2017
Date:,16 May 2017,2017
Start time:,13:50 ,2017
Avg. speed winner:,47.18 km/h,2017
Race category:,ME - Men Elite,2017
Distance:,39.8 km,2017
Points scale:,GT.B.Stage,2017
Parcours type:,p2,2017
ProfileScore:,35,2017
Vert. meters:,505,2017
Departure:,Foligno,2017
Arrival:,Montefalco,2017
Race ranking:,23,2017
Date:,16 May 2017,2017
Start time:,13:50 ,2017
Avg. speed winner:,47.18 km/h,2017
Race category:,ME - Men Elite,2017
Distance:,39.8 km,2017
Points scale:,GT.B.Stage,2017
Parcours type:,p2,2017
ProfileScore:,35,2017
Vert. meters:,505,2017
Departure:,Foligno,2017
Arrival:,Montefalco,2017
Race ranking:,23,2017
Startlist quality score:,795,2017
Date:,16 May 2017,2017
Start time:,13:50 ,2017
Avg. speed winner:,47.18 km/h,2017
Race category:,ME - Men Elite,2017
Distance:,39.8 km,2017
Points scale:,GT.B.Stage,2017
Parcours type:,p2,2017
ProfileScore:,35,2017
Vert. meters:,505,2017
Departure:,Foligno,2017
Arrival:,Montefalco,2017
Race ranking:,23,2017
Startlist quality score:,795,2017
Won how:,Time Trial,2017
Date:,17 May 2017,2017
Date:,17 May 2017,2017
Start time:,13:35 ,2017
Date:,17 May 2017,2017
Start time:,13:35 ,2017
Avg. speed winner:,36.7 km/h,2017
Date:,17 May 2017,2017
Start time:,13:35 ,2017
Avg. speed winner:,36.7 km/h,2017
Race category:,ME - Men Elite,2017
Date:,17 May 2017,2017
Start time:,13:35 ,2017
Avg. speed winner:,36.7 km/h,2017
Race category:,ME - Men Elite,2017
Distance:,161 km,2017
Date:,17 May 2017,2017
Start time:,13:35 ,2017
Avg. speed winner:,36.7 km/h,2017
Race category:,ME - Men Elite,2017
Distance:,161 km,2017
Points scale:,GT.B.Stage,2017
Date:,17 May 2017,2017
Start time:,13:35 ,2017
Avg. speed winner:,36.7 km/h,2017
Race category:,ME - Men Elite,2017
Distance:,161 km,2017
Points scale:,GT.B.Stage,2017
Parcours type:,p4,2017
Date:,17 May 2017,2017
Start time:,13:35 ,2017
Avg. speed winner:,36.7 km/h,2017
Race category:,ME - Men Elite,2017
Distance:,161 km,2017
Points scale:,GT.B.Stage,2017
Parcours type:,p4,2017
ProfileScore:,183,2017
Date:,17 May 2017,2017
Start time:,13:35 ,2017
Avg. speed winner:,36.7 km/h,2017
Race category:,ME - Men Elite,2017
Distance:,161 km,2017
Points scale:,GT.B.Stage,2017
Parcours type:,p4,2017
ProfileScore:,183,2017
Vert. meters:,3912,2017
Date:,17 May 2017,2017
Start time:,13:35 ,2017
Avg. speed winner:,36.7 km/h,2017
Race category:,ME - Men Elite,2017
Distance:,161 km,2017
Points scale:,GT.B.Stage,2017
Parcours type:,p4,2017
ProfileScore:,183,2017
Vert. meters:,3912,2017
Departure:,Firenze,2017
Date:,17 May 2017,2017
Start time:,13:35 ,2017
Avg. speed winner:,36.7 km/h,2017
Race category:,ME - Men Elite,2017
Distance:,161 km,2017
Points scale:,GT.B.Stage,2017
Parcours type:,p4,2017
ProfileScore:,183,2017
Vert. meters:,3912,2017
Departure:,Firenze,2017
Arrival:,Bagno di Romagna,2017
Date:,17 May 2017,2017
Start time:,13:35 ,2017
Avg. speed winner:,36.7 km/h,2017
Race category:,ME - Men Elite,2017
Distance:,161 km,2017
Points scale:,GT.B.Stage,2017
Parcours type:,p4,2017
ProfileScore:,183,2017
Vert. meters:,3912,2017
Departure:,Firenze,2017
Arrival:,Bagno di Romagna,2017
Race ranking:,23,2017
Date:,17 May 2017,2017
Start time:,13:35 ,2017
Avg. speed winner:,36.7 km/h,2017
Race category:,ME - Men Elite,2017
Distance:,161 km,2017
Points scale:,GT.B.Stage,2017
Parcours type:,p4,2017
ProfileScore:,183,2017
Vert. meters:,3912,2017
Departure:,Firenze,2017
Arrival:,Bagno di Romagna,2017
Race ranking:,23,2017
Startlist quality score:,795,2017
Date:,17 May 2017,2017
Start time:,13:35 ,2017
Avg. speed winner:,36.7 km/h,2017
Race category:,ME - Men Elite,2017
Distance:,161 km,2017
Points scale:,GT.B.Stage,2017
Parcours type:,p4,2017
ProfileScore:,183,2017
Vert. meters:,3912,2017
Departure:,Firenze,2017
Arrival:,Bagno di Romagna,2017
Race ranking:,23,2017
Startlist quality score:,795,2017
Won how:,Sprint of small group,2017
Date:,18 May 2017,2017
Date:,18 May 2017,2017
Start time:,12:45 ,2017
Date:,18 May 2017,2017
Start time:,12:45 ,2017
Avg. speed winner:,43.08 km/h,2017
Date:,18 May 2017,2017
Start time:,12:45 ,2017
Avg. speed winner:,43.08 km/h,2017
Race category:,ME - Men Elite,2017
Date:,18 May 2017,2017
Start time:,12:45 ,2017
Avg. speed winner:,43.08 km/h,2017
Race category:,ME - Men Elite,2017
Distance:,229 km,2017
Date:,18 May 2017,2017
Start time:,12:45 ,2017
Avg. speed winner:,43.08 km/h,2017
Race category:,ME - Men Elite,2017
Distance:,229 km,2017
Points scale:,GT.B.Stage,2017
Date:,18 May 2017,2017
Start time:,12:45 ,2017
Avg. speed winner:,43.08 km/h,2017
Race category:,ME - Men Elite,2017
Distance:,229 km,2017
Points scale:,GT.B.Stage,2017
Parcours type:,p2,2017
Date:,18 May 2017,2017
Start time:,12:45 ,2017
Avg. speed winner:,43.08 km/h,2017
Race category:,ME - Men Elite,2017
Distance:,229 km,2017
Points scale:,GT.B.Stage,2017
Parcours type:,p2,2017
ProfileScore:,50,2017
Date:,18 May 2017,2017
Start time:,12:45 ,2017
Avg. speed winner:,43.08 km/h,2017
Race category:,ME - Men Elite,2017
Distance:,229 km,2017
Points scale:,GT.B.Stage,2017
Parcours type:,p2,2017
ProfileScore:,50,2017
Vert. meters:,2407,2017
Date:,18 May 2017,2017
Start time:,12:45 ,2017
Avg. speed winner:,43.08 km/h,2017
Race category:,ME - Men Elite,2017
Distance:,229 km,2017
Points scale:,GT.B.Stage,2017
Parcours type:,p2,2017
ProfileScore:,50,2017
Vert. meters:,2407,2017
Departure:,Forlì,2017
Date:,18 May 2017,2017
Start time:,12:45 ,2017
Avg. speed winner:,43.08 km/h,2017
Race category:,ME - Men Elite,2017
Distance:,229 km,2017
Points scale:,GT.B.Stage,2017
Parcours type:,p2,2017
ProfileScore:,50,2017
Vert. meters:,2407,2017
Departure:,Forlì,2017
Arrival:,Reggio Emilia,2017
Date:,18 May 2017,2017
Start time:,12:45 ,2017
Avg. speed winner:,43.08 km/h,2017
Race category:,ME - Men Elite,2017
Distance:,229 km,2017
Points scale:,GT.B.Stage,2017
Parcours type:,p2,2017
ProfileScore:,50,2017
Vert. meters:,2407,2017
Departure:,Forlì,2017
Arrival:,Reggio Emilia,2017
Race ranking:,23,2017
Date:,18 May 2017,2017
Start time:,12:45 ,2017
Avg. speed winner:,43.08 km/h,2017
Race category:,ME - Men Elite,2017
Distance:,229 km,2017
Points scale:,GT.B.Stage,2017
Parcours type:,p2,2017
ProfileScore:,50,2017
Vert. meters:,2407,2017
Departure:,Forlì,2017
Arrival:,Reggio Emilia,2017
Race ranking:,23,2017
Startlist quality score:,795,2017
Date:,18 May 2017,2017
Start time:,12:45 ,2017
Avg. speed winner:,43.08 km/h,2017
Race category:,ME - Men Elite,2017
Distance:,229 km,2017
Points scale:,GT.B.Stage,2017
Parcours type:,p2,2017
ProfileScore:,50,2017
Vert. meters:,2407,2017
Departure:,Forlì,2017
Arrival:,Reggio Emilia,2017
Race ranking:,23,2017
Startlist quality score:,795,2017
Won how:,Sprint of large group,2017
Date:,19 May 2017,2017
Date:,19 May 2017,2017
Start time:,14:30 ,2017
Date:,19 May 2017,2017
Start time:,14:30 ,2017
Avg. speed winner:,44 km/h,2017
Date:,19 May 2017,2017
Start time:,14:30 ,2017
Avg. speed winner:,44 km/h,2017
Race category:,ME - Men Elite,2017
Date:,19 May 2017,2017
Start time:,14:30 ,2017
Avg. speed winner:,44 km/h,2017
Race category:,ME - Men Elite,2017
Distance:,167 km,2017
Date:,19 May 2017,2017
Start time:,14:30 ,2017
Avg. speed winner:,44 km/h,2017
Race category:,ME - Men Elite,2017
Distance:,167 km,2017
Points scale:,GT.B.Stage,2017
Date:,19 May 2017,2017
Start time:,14:30 ,2017
Avg. speed winner:,44 km/h,2017
Race category:,ME - Men Elite,2017
Distance:,167 km,2017
Points scale:,GT.B.Stage,2017
Parcours type:,p1,2017
Date:,19 May 2017,2017
Start time:,14:30 ,2017
Avg. speed winner:,44 km/h,2017
Race category:,ME - Men Elite,2017
Distance:,167 km,2017
Points scale:,GT.B.Stage,2017
Parcours type:,p1,2017
ProfileScore:,0,2017
Date:,19 May 2017,2017
Start time:,14:30 ,2017
Avg. speed winner:,44 km/h,2017
Race category:,ME - Men Elite,2017
Distance:,167 km,2017
Points scale:,GT.B.Stage,2017
Parcours type:,p1,2017
ProfileScore:,0,2017
Vert. meters:,399,2017
Date:,19 May 2017,2017
Start time:,14:30 ,2017
Avg. speed winner:,44 km/h,2017
Race category:,ME - Men Elite,2017
Distance:,167 km,2017
Points scale:,GT.B.Stage,2017
Parcours type:,p1,2017
ProfileScore:,0,2017
Vert. meters:,399,2017
Departure:,Reggio Emilia,2017
Date:,19 May 2017,2017
Start time:,14:30 ,2017
Avg. speed winner:,44 km/h,2017
Race category:,ME - Men Elite,2017
Distance:,167 km,2017
Points scale:,GT.B.Stage,2017
Parcours type:,p1,2017
ProfileScore:,0,2017
Vert. meters:,399,2017
Departure:,Reggio Emilia,2017
Arrival:,Tortona,2017
Date:,19 May 2017,2017
Start time:,14:30 ,2017
Avg. speed winner:,44 km/h,2017
Race category:,ME - Men Elite,2017
Distance:,167 km,2017
Points scale:,GT.B.Stage,2017
Parcours type:,p1,2017
ProfileScore:,0,2017
Vert. meters:,399,2017
Departure:,Reggio Emilia,2017
Arrival:,Tortona,2017
Race ranking:,23,2017
Date:,19 May 2017,2017
Start time:,14:30 ,2017
Avg. speed winner:,44 km/h,2017
Race category:,ME - Men Elite,2017
Distance:,167 km,2017
Points scale:,GT.B.Stage,2017
Parcours type:,p1,2017
ProfileScore:,0,2017
Vert. meters:,399,2017
Departure:,Reggio Emilia,2017
Arrival:,Tortona,2017
Race ranking:,23,2017
Startlist quality score:,795,2017
Date:,19 May 2017,2017
Start time:,14:30 ,2017
Avg. speed winner:,44 km/h,2017
Race category:,ME - Men Elite,2017
Distance:,167 km,2017
Points scale:,GT.B.Stage,2017
Parcours type:,p1,2017
ProfileScore:,0,2017
Vert. meters:,399,2017
Departure:,Reggio Emilia,2017
Arrival:,Tortona,2017
Race ranking:,23,2017
Startlist quality score:,795,2017
Won how:,Sprint of large group,2017
Date:,20 May 2017,2017
Date:,20 May 2017,2017
Start time:,14:55 ,2017
Date:,20 May 2017,2017
Start time:,14:55 ,2017
Avg. speed winner:,43.05 km/h,2017
Date:,20 May 2017,2017
Start time:,14:55 ,2017
Avg. speed winner:,43.05 km/h,2017
Race category:,ME - Men Elite,2017
Date:,20 May 2017,2017
Start time:,14:55 ,2017
Avg. speed winner:,43.05 km/h,2017
Race category:,ME - Men Elite,2017
Distance:,131 km,2017
Date:,20 May 2017,2017
Start time:,14:55 ,2017
Avg. speed winner:,43.05 km/h,2017
Race category:,ME - Men Elite,2017
Distance:,131 km,2017
Points scale:,GT.B.Stage,2017
Date:,20 May 2017,2017
Start time:,14:55 ,2017
Avg. speed winner:,43.05 km/h,2017
Race category:,ME - Men Elite,2017
Distance:,131 km,2017
Points scale:,GT.B.Stage,2017
Parcours type:,p5,2017
Date:,20 May 2017,2017
Start time:,14:55 ,2017
Avg. speed winner:,43.05 km/h,2017
Race category:,ME - Men Elite,2017
Distance:,131 km,2017
Points scale:,GT.B.Stage,2017
Parcours type:,p5,2017
ProfileScore:,129,2017
Date:,20 May 2017,2017
Start time:,14:55 ,2017
Avg. speed winner:,43.05 km/h,2017
Race category:,ME - Men Elite,2017
Distance:,131 km,2017
Points scale:,GT.B.Stage,2017
Parcours type:,p5,2017
ProfileScore:,129,2017
Vert. meters:,1106,2017
Date:,20 May 2017,2017
Start time:,14:55 ,2017
Avg. speed winner:,43.05 km/h,2017
Race category:,ME - Men Elite,2017
Distance:,131 km,2017
Points scale:,GT.B.Stage,2017
Parcours type:,p5,2017
ProfileScore:,129,2017
Vert. meters:,1106,2017
Departure:,Castellania,2017
Date:,20 May 2017,2017
Start time:,14:55 ,2017
Avg. speed winner:,43.05 km/h,2017
Race category:,ME - Men Elite,2017
Distance:,131 km,2017
Points scale:,GT.B.Stage,2017
Parcours type:,p5,2017
ProfileScore:,129,2017
Vert. meters:,1106,2017
Departure:,Castellania,2017
Arrival:,Oropa,2017
Date:,20 May 2017,2017
Start time:,14:55 ,2017
Avg. speed winner:,43.05 km/h,2017
Race category:,ME - Men Elite,2017
Distance:,131 km,2017
Points scale:,GT.B.Stage,2017
Parcours type:,p5,2017
ProfileScore:,129,2017
Vert. meters:,1106,2017
Departure:,Castellania,2017
Arrival:,Oropa,2017
Race ranking:,23,2017
Date:,20 May 2017,2017
Start time:,14:55 ,2017
Avg. speed winner:,43.05 km/h,2017
Race category:,ME - Men Elite,2017
Distance:,131 km,2017
Points scale:,GT.B.Stage,2017
Parcours type:,p5,2017
ProfileScore:,129,2017
Vert. meters:,1106,2017
Departure:,Castellania,2017
Arrival:,Oropa,2017
Race ranking:,23,2017
Startlist quality score:,795,2017
Date:,20 May 2017,2017
Start time:,14:55 ,2017
Avg. speed winner:,43.05 km/h,2017
Race category:,ME - Men Elite,2017
Distance:,131 km,2017
Points scale:,GT.B.Stage,2017
Parcours type:,p5,2017
ProfileScore:,129,2017
Vert. meters:,1106,2017
Departure:,Castellania,2017
Arrival:,Oropa,2017
Race ranking:,23,2017
Startlist quality score:,795,2017
Won how:,Sprint a deux,2017
Date:,21 May 2017,2017
Date:,21 May 2017,2017
Start time:,13:15 ,2017
Date:,21 May 2017,2017
Start time:,13:15 ,2017
Avg. speed winner:,46.49 km/h,2017
Date:,21 May 2017,2017
Start time:,13:15 ,2017
Avg. speed winner:,46.49 km/h,2017
Race category:,ME - Men Elite,2017
Date:,21 May 2017,2017
Start time:,13:15 ,2017
Avg. speed winner:,46.49 km/h,2017
Race category:,ME - Men Elite,2017
Distance:,199 km,2017
Date:,21 May 2017,2017
Start time:,13:15 ,2017
Avg. speed winner:,46.49 km/h,2017
Race category:,ME - Men Elite,2017
Distance:,199 km,2017
Points scale:,GT.B.Stage,2017
Date:,21 May 2017,2017
Start time:,13:15 ,2017
Avg. speed winner:,46.49 km/h,2017
Race category:,ME - Men Elite,2017
Distance:,199 km,2017
Points scale:,GT.B.Stage,2017
Parcours type:,p2,2017
Date:,21 May 2017,2017
Start time:,13:15 ,2017
Avg. speed winner:,46.49 km/h,2017
Race category:,ME - Men Elite,2017
Distance:,199 km,2017
Points scale:,GT.B.Stage,2017
Parcours type:,p2,2017
ProfileScore:,129,2017
Date:,21 May 2017,2017
Start time:,13:15 ,2017
Avg. speed winner:,46.49 km/h,2017
Race category:,ME - Men Elite,2017
Distance:,199 km,2017
Points scale:,GT.B.Stage,2017
Parcours type:,p2,2017
ProfileScore:,129,2017
Vert. meters:,2255,2017
Date:,21 May 2017,2017
Start time:,13:15 ,2017
Avg. speed winner:,46.49 km/h,2017
Race category:,ME - Men Elite,2017
Distance:,199 km,2017
Points scale:,GT.B.Stage,2017
Parcours type:,p2,2017
ProfileScore:,129,2017
Vert. meters:,2255,2017
Departure:,Valdengo,2017
Date:,21 May 2017,2017
Start time:,13:15 ,2017
Avg. speed winner:,46.49 km/h,2017
Race category:,ME - Men Elite,2017
Distance:,199 km,2017
Points scale:,GT.B.Stage,2017
Parcours type:,p2,2017
ProfileScore:,129,2017
Vert. meters:,2255,2017
Departure:,Valdengo,2017
Arrival:,Bergamo,2017
Date:,21 May 2017,2017
Start time:,13:15 ,2017
Avg. speed winner:,46.49 km/h,2017
Race category:,ME - Men Elite,2017
Distance:,199 km,2017
Points scale:,GT.B.Stage,2017
Parcours type:,p2,2017
ProfileScore:,129,2017
Vert. meters:,2255,2017
Departure:,Valdengo,2017
Arrival:,Bergamo,2017
Race ranking:,23,2017
Date:,21 May 2017,2017
Start time:,13:15 ,2017
Avg. speed winner:,46.49 km/h,2017
Race category:,ME - Men Elite,2017
Distance:,199 km,2017
Points scale:,GT.B.Stage,2017
Parcours type:,p2,2017
ProfileScore:,129,2017
Vert. meters:,2255,2017
Departure:,Valdengo,2017
Arrival:,Bergamo,2017
Race ranking:,23,2017
Startlist quality score:,795,2017
Date:,21 May 2017,2017
Start time:,13:15 ,2017
Avg. speed winner:,46.49 km/h,2017
Race category:,ME - Men Elite,2017
Distance:,199 km,2017
Points scale:,GT.B.Stage,2017
Parcours type:,p2,2017
ProfileScore:,129,2017
Vert. meters:,2255,2017
Departure:,Valdengo,2017
Arrival:,Bergamo,2017
Race ranking:,23,2017
Startlist quality score:,795,2017
Won how:,Sprint of small group,2017
Date:,23 May 2017,2017
Date:,23 May 2017,2017
Start time:,11:40 ,2017
Date:,23 May 2017,2017
Start time:,11:40 ,2017
Avg. speed winner:,34.65 km/h,2017
Date:,23 May 2017,2017
Start time:,11:40 ,2017
Avg. speed winner:,34.65 km/h,2017
Race category:,ME - Men Elite,2017
Date:,23 May 2017,2017
Start time:,11:40 ,2017
Avg. speed winner:,34.65 km/h,2017
Race category:,ME - Men Elite,2017
Distance:,222 km,2017
Date:,23 May 2017,2017
Start time:,11:40 ,2017
Avg. speed winner:,34.65 km/h,2017
Race category:,ME - Men Elite,2017
Distance:,222 km,2017
Points scale:,GT.B.Stage,2017
Date:,23 May 2017,2017
Start time:,11:40 ,2017
Avg. speed winner:,34.65 km/h,2017
Race category:,ME - Men Elite,2017
Distance:,222 km,2017
Points scale:,GT.B.Stage,2017
Parcours type:,p4,2017
Date:,23 May 2017,2017
Start time:,11:40 ,2017
Avg. speed winner:,34.65 km/h,2017
Race category:,ME - Men Elite,2017
Distance:,222 km,2017
Points scale:,GT.B.Stage,2017
Parcours type:,p4,2017
ProfileScore:,329,2017
Date:,23 May 2017,2017
Start time:,11:40 ,2017
Avg. speed winner:,34.65 km/h,2017
Race category:,ME - Men Elite,2017
Distance:,222 km,2017
Points scale:,GT.B.Stage,2017
Parcours type:,p4,2017
ProfileScore:,329,2017
Vert. meters:,5845,2017
Date:,23 May 2017,2017
Start time:,11:40 ,2017
Avg. speed winner:,34.65 km/h,2017
Race category:,ME - Men Elite,2017
Distance:,222 km,2017
Points scale:,GT.B.Stage,2017
Parcours type:,p4,2017
ProfileScore:,329,2017
Vert. meters:,5845,2017
Departure:,Rovetta,2017
Date:,23 May 2017,2017
Start time:,11:40 ,2017
Avg. speed winner:,34.65 km/h,2017
Race category:,ME - Men Elite,2017
Distance:,222 km,2017
Points scale:,GT.B.Stage,2017
Parcours type:,p4,2017
ProfileScore:,329,2017
Vert. meters:,5845,2017
Departure:,Rovetta,2017
Arrival:,Bormio,2017
Date:,23 May 2017,2017
Start time:,11:40 ,2017
Avg. speed winner:,34.65 km/h,2017
Race category:,ME - Men Elite,2017
Distance:,222 km,2017
Points scale:,GT.B.Stage,2017
Parcours type:,p4,2017
ProfileScore:,329,2017
Vert. meters:,5845,2017
Departure:,Rovetta,2017
Arrival:,Bormio,2017
Race ranking:,23,2017
Date:,23 May 2017,2017
Start time:,11:40 ,2017
Avg. speed winner:,34.65 km/h,2017
Race category:,ME - Men Elite,2017
Distance:,222 km,2017
Points scale:,GT.B.Stage,2017
Parcours type:,p4,2017
ProfileScore:,329,2017
Vert. meters:,5845,2017
Departure:,Rovetta,2017
Arrival:,Bormio,2017
Race ranking:,23,2017
Startlist quality score:,795,2017
Date:,23 May 2017,2017
Start time:,11:40 ,2017
Avg. speed winner:,34.65 km/h,2017
Race category:,ME - Men Elite,2017
Distance:,222 km,2017
Points scale:,GT.B.Stage,2017
Parcours type:,p4,2017
ProfileScore:,329,2017
Vert. meters:,5845,2017
Departure:,Rovetta,2017
Arrival:,Bormio,2017
Race ranking:,23,2017
Startlist quality score:,795,2017
Won how:,Sprint a deux,2017
Date:,24 May 2017,2017
Date:,24 May 2017,2017
Start time:,12:25 ,2017
Date:,24 May 2017,2017
Start time:,12:25 ,2017
Avg. speed winner:,38.32 km/h,2017
Date:,24 May 2017,2017
Start time:,12:25 ,2017
Avg. speed winner:,38.32 km/h,2017
Race category:,ME - Men Elite,2017
Date:,24 May 2017,2017
Start time:,12:25 ,2017
Avg. speed winner:,38.32 km/h,2017
Race category:,ME - Men Elite,2017
Distance:,219 km,2017
Date:,24 May 2017,2017
Start time:,12:25 ,2017
Avg. speed winner:,38.32 km/h,2017
Race category:,ME - Men Elite,2017
Distance:,219 km,2017
Points scale:,GT.B.Stage,2017
Date:,24 May 2017,2017
Start time:,12:25 ,2017
Avg. speed winner:,38.32 km/h,2017
Race category:,ME - Men Elite,2017
Distance:,219 km,2017
Points scale:,GT.B.Stage,2017
Parcours type:,p4,2017
Date:,24 May 2017,2017
Start time:,12:25 ,2017
Avg. speed winner:,38.32 km/h,2017
Race category:,ME - Men Elite,2017
Distance:,219 km,2017
Points scale:,GT.B.Stage,2017
Parcours type:,p4,2017
ProfileScore:,166,2017
Date:,24 May 2017,2017
Start time:,12:25 ,2017
Avg. speed winner:,38.32 km/h,2017
Race category:,ME - Men Elite,2017
Distance:,219 km,2017
Points scale:,GT.B.Stage,2017
Parcours type:,p4,2017
ProfileScore:,166,2017
Vert. meters:,4576,2017
Date:,24 May 2017,2017
Start time:,12:25 ,2017
Avg. speed winner:,38.32 km/h,2017
Race category:,ME - Men Elite,2017
Distance:,219 km,2017
Points scale:,GT.B.Stage,2017
Parcours type:,p4,2017
ProfileScore:,166,2017
Vert. meters:,4576,2017
Departure:,Tirano,2017
Date:,24 May 2017,2017
Start time:,12:25 ,2017
Avg. speed winner:,38.32 km/h,2017
Race category:,ME - Men Elite,2017
Distance:,219 km,2017
Points scale:,GT.B.Stage,2017
Parcours type:,p4,2017
ProfileScore:,166,2017
Vert. meters:,4576,2017
Departure:,Tirano,2017
Arrival:,Canazei,2017
Date:,24 May 2017,2017
Start time:,12:25 ,2017
Avg. speed winner:,38.32 km/h,2017
Race category:,ME - Men Elite,2017
Distance:,219 km,2017
Points scale:,GT.B.Stage,2017
Parcours type:,p4,2017
ProfileScore:,166,2017
Vert. meters:,4576,2017
Departure:,Tirano,2017
Arrival:,Canazei,2017
Race ranking:,23,2017
Date:,24 May 2017,2017
Start time:,12:25 ,2017
Avg. speed winner:,38.32 km/h,2017
Race category:,ME - Men Elite,2017
Distance:,219 km,2017
Points scale:,GT.B.Stage,2017
Parcours type:,p4,2017
ProfileScore:,166,2017
Vert. meters:,4576,2017
Departure:,Tirano,2017
Arrival:,Canazei,2017
Race ranking:,23,2017
Startlist quality score:,795,2017
Date:,24 May 2017,2017
Start time:,12:25 ,2017
Avg. speed winner:,38.32 km/h,2017
Race category:,ME - Men Elite,2017
Distance:,219 km,2017
Points scale:,GT.B.Stage,2017
Parcours type:,p4,2017
ProfileScore:,166,2017
Vert. meters:,4576,2017
Departure:,Tirano,2017
Arrival:,Canazei,2017
Race ranking:,23,2017
Startlist quality score:,795,2017
Won how:,7.8 km solo,2017
Date:,25 May 2017,2017
Date:,25 May 2017,2017
Start time:,14:10 ,2017
Date:,25 May 2017,2017
Start time:,14:10 ,2017
Avg. speed winner:,35.12 km/h,2017
Date:,25 May 2017,2017
Start time:,14:10 ,2017
Avg. speed winner:,35.12 km/h,2017
Race category:,ME - Men Elite,2017
Date:,25 May 2017,2017
Start time:,14:10 ,2017
Avg. speed winner:,35.12 km/h,2017
Race category:,ME - Men Elite,2017
Distance:,137 km,2017
Date:,25 May 2017,2017
Start time:,14:10 ,2017
Avg. speed winner:,35.12 km/h,2017
Race category:,ME - Men Elite,2017
Distance:,137 km,2017
Points scale:,GT.B.Stage,2017
Date:,25 May 2017,2017
Start time:,14:10 ,2017
Avg. speed winner:,35.12 km/h,2017
Race category:,ME - Men Elite,2017
Distance:,137 km,2017
Points scale:,GT.B.Stage,2017
Parcours type:,p5,2017
Date:,25 May 2017,2017
Start time:,14:10 ,2017
Avg. speed winner:,35.12 km/h,2017
Race category:,ME - Men Elite,2017
Distance:,137 km,2017
Points scale:,GT.B.Stage,2017
Parcours type:,p5,2017
ProfileScore:,281,2017
Date:,25 May 2017,2017
Start time:,14:10 ,2017
Avg. speed winner:,35.12 km/h,2017
Race category:,ME - Men Elite,2017
Distance:,137 km,2017
Points scale:,GT.B.Stage,2017
Parcours type:,p5,2017
ProfileScore:,281,2017
Vert. meters:,3961,2017
Date:,25 May 2017,2017
Start time:,14:10 ,2017
Avg. speed winner:,35.12 km/h,2017
Race category:,ME - Men Elite,2017
Distance:,137 km,2017
Points scale:,GT.B.Stage,2017
Parcours type:,p5,2017
ProfileScore:,281,2017
Vert. meters:,3961,2017
Departure:,Moena,2017
Date:,25 May 2017,2017
Start time:,14:10 ,2017
Avg. speed winner:,35.12 km/h,2017
Race category:,ME - Men Elite,2017
Distance:,137 km,2017
Points scale:,GT.B.Stage,2017
Parcours type:,p5,2017
ProfileScore:,281,2017
Vert. meters:,3961,2017
Departure:,Moena,2017
Arrival:,Ortisei/St. Urlich,2017
Date:,25 May 2017,2017
Start time:,14:10 ,2017
Avg. speed winner:,35.12 km/h,2017
Race category:,ME - Men Elite,2017
Distance:,137 km,2017
Points scale:,GT.B.Stage,2017
Parcours type:,p5,2017
ProfileScore:,281,2017
Vert. meters:,3961,2017
Departure:,Moena,2017
Arrival:,Ortisei/St. Urlich,2017
Race ranking:,23,2017
Date:,25 May 2017,2017
Start time:,14:10 ,2017
Avg. speed winner:,35.12 km/h,2017
Race category:,ME - Men Elite,2017
Distance:,137 km,2017
Points scale:,GT.B.Stage,2017
Parcours type:,p5,2017
ProfileScore:,281,2017
Vert. meters:,3961,2017
Departure:,Moena,2017
Arrival:,Ortisei/St. Urlich,2017
Race ranking:,23,2017
Startlist quality score:,795,2017
Date:,25 May 2017,2017
Start time:,14:10 ,2017
Avg. speed winner:,35.12 km/h,2017
Race category:,ME - Men Elite,2017
Distance:,137 km,2017
Points scale:,GT.B.Stage,2017
Parcours type:,p5,2017
ProfileScore:,281,2017
Vert. meters:,3961,2017
Departure:,Moena,2017
Arrival:,Ortisei/St. Urlich,2017
Race ranking:,23,2017
Startlist quality score:,795,2017
Won how:,Sprint a deux,2017
Date:,26 May 2017,2017
Date:,26 May 2017,2017
Start time:,13:05 ,2017
Date:,26 May 2017,2017
Start time:,13:05 ,2017
Avg. speed winner:,39.11 km/h,2017
Date:,26 May 2017,2017
Start time:,13:05 ,2017
Avg. speed winner:,39.11 km/h,2017
Race category:,ME - Men Elite,2017
Date:,26 May 2017,2017
Start time:,13:05 ,2017
Avg. speed winner:,39.11 km/h,2017
Race category:,ME - Men Elite,2017
Distance:,191 km,2017
Date:,26 May 2017,2017
Start time:,13:05 ,2017
Avg. speed winner:,39.11 km/h,2017
Race category:,ME - Men Elite,2017
Distance:,191 km,2017
Points scale:,GT.B.Stage,2017
Date:,26 May 2017,2017
Start time:,13:05 ,2017
Avg. speed winner:,39.11 km/h,2017
Race category:,ME - Men Elite,2017
Distance:,191 km,2017
Points scale:,GT.B.Stage,2017
Parcours type:,p5,2017
Date:,26 May 2017,2017
Start time:,13:05 ,2017
Avg. speed winner:,39.11 km/h,2017
Race category:,ME - Men Elite,2017
Distance:,191 km,2017
Points scale:,GT.B.Stage,2017
Parcours type:,p5,2017
ProfileScore:,250,2017
Date:,26 May 2017,2017
Start time:,13:05 ,2017
Avg. speed winner:,39.11 km/h,2017
Race category:,ME - Men Elite,2017
Distance:,191 km,2017
Points scale:,GT.B.Stage,2017
Parcours type:,p5,2017
ProfileScore:,250,2017
Vert. meters:,3551,2017
Date:,26 May 2017,2017
Start time:,13:05 ,2017
Avg. speed winner:,39.11 km/h,2017
Race category:,ME - Men Elite,2017
Distance:,191 km,2017
Points scale:,GT.B.Stage,2017
Parcours type:,p5,2017
ProfileScore:,250,2017
Vert. meters:,3551,2017
Departure:,San Candido/Innichen,2017
Date:,26 May 2017,2017
Start time:,13:05 ,2017
Avg. speed winner:,39.11 km/h,2017
Race category:,ME - Men Elite,2017
Distance:,191 km,2017
Points scale:,GT.B.Stage,2017
Parcours type:,p5,2017
ProfileScore:,250,2017
Vert. meters:,3551,2017
Departure:,San Candido/Innichen,2017
Arrival:,Piancavallo,2017
Date:,26 May 2017,2017
Start time:,13:05 ,2017
Avg. speed winner:,39.11 km/h,2017
Race category:,ME - Men Elite,2017
Distance:,191 km,2017
Points scale:,GT.B.Stage,2017
Parcours type:,p5,2017
ProfileScore:,250,2017
Vert. meters:,3551,2017
Departure:,San Candido/Innichen,2017
Arrival:,Piancavallo,2017
Race ranking:,23,2017
Date:,26 May 2017,2017
Start time:,13:05 ,2017
Avg. speed winner:,39.11 km/h,2017
Race category:,ME - Men Elite,2017
Distance:,191 km,2017
Points scale:,GT.B.Stage,2017
Parcours type:,p5,2017
ProfileScore:,250,2017
Vert. meters:,3551,2017
Departure:,San Candido/Innichen,2017
Arrival:,Piancavallo,2017
Race ranking:,23,2017
Startlist quality score:,795,2017
Date:,26 May 2017,2017
Start time:,13:05 ,2017
Avg. speed winner:,39.11 km/h,2017
Race category:,ME - Men Elite,2017
Distance:,191 km,2017
Points scale:,GT.B.Stage,2017
Parcours type:,p5,2017
ProfileScore:,250,2017
Vert. meters:,3551,2017
Departure:,San Candido/Innichen,2017
Arrival:,Piancavallo,2017
Race ranking:,23,2017
Startlist quality score:,795,2017
Won how:,10.8 km solo,2017
Date:,27 May 2017,2017
Date:,27 May 2017,2017
Start time:,13:05 ,2017
Date:,27 May 2017,2017
Start time:,13:05 ,2017
Avg. speed winner:,38.26 km/h,2017
Date:,27 May 2017,2017
Start time:,13:05 ,2017
Avg. speed winner:,38.26 km/h,2017
Race category:,ME - Men Elite,2017
Date:,27 May 2017,2017
Start time:,13:05 ,2017
Avg. speed winner:,38.26 km/h,2017
Race category:,ME - Men Elite,2017
Distance:,190 km,2017
Date:,27 May 2017,2017
Start time:,13:05 ,2017
Avg. speed winner:,38.26 km/h,2017
Race category:,ME - Men Elite,2017
Distance:,190 km,2017
Points scale:,GT.B.Stage,2017
Date:,27 May 2017,2017
Start time:,13:05 ,2017
Avg. speed winner:,38.26 km/h,2017
Race category:,ME - Men Elite,2017
Distance:,190 km,2017
Points scale:,GT.B.Stage,2017
Parcours type:,p4,2017
Date:,27 May 2017,2017
Start time:,13:05 ,2017
Avg. speed winner:,38.26 km/h,2017
Race category:,ME - Men Elite,2017
Distance:,190 km,2017
Points scale:,GT.B.Stage,2017
Parcours type:,p4,2017
ProfileScore:,227,2017
Date:,27 May 2017,2017
Start time:,13:05 ,2017
Avg. speed winner:,38.26 km/h,2017
Race category:,ME - Men Elite,2017
Distance:,190 km,2017
Points scale:,GT.B.Stage,2017
Parcours type:,p4,2017
ProfileScore:,227,2017
Vert. meters:,3721,2017
Date:,27 May 2017,2017
Start time:,13:05 ,2017
Avg. speed winner:,38.26 km/h,2017
Race category:,ME - Men Elite,2017
Distance:,190 km,2017
Points scale:,GT.B.Stage,2017
Parcours type:,p4,2017
ProfileScore:,227,2017
Vert. meters:,3721,2017
Departure:,Pordenone,2017
Date:,27 May 2017,2017
Start time:,13:05 ,2017
Avg. speed winner:,38.26 km/h,2017
Race category:,ME - Men Elite,2017
Distance:,190 km,2017
Points scale:,GT.B.Stage,2017
Parcours type:,p4,2017
ProfileScore:,227,2017
Vert. meters:,3721,2017
Departure:,Pordenone,2017
Arrival:,Asiago,2017
Date:,27 May 2017,2017
Start time:,13:05 ,2017
Avg. speed winner:,38.26 km/h,2017
Race category:,ME - Men Elite,2017
Distance:,190 km,2017
Points scale:,GT.B.Stage,2017
Parcours type:,p4,2017
ProfileScore:,227,2017
Vert. meters:,3721,2017
Departure:,Pordenone,2017
Arrival:,Asiago,2017
Race ranking:,23,2017
Date:,27 May 2017,2017
Start time:,13:05 ,2017
Avg. speed winner:,38.26 km/h,2017
Race category:,ME - Men Elite,2017
Distance:,190 km,2017
Points scale:,GT.B.Stage,2017
Parcours type:,p4,2017
ProfileScore:,227,2017
Vert. meters:,3721,2017
Departure:,Pordenone,2017
Arrival:,Asiago,2017
Race ranking:,23,2017
Startlist quality score:,795,2017
Date:,27 May 2017,2017
Start time:,13:05 ,2017
Avg. speed winner:,38.26 km/h,2017
Race category:,ME - Men Elite,2017
Distance:,190 km,2017
Points scale:,GT.B.Stage,2017
Parcours type:,p4,2017
ProfileScore:,227,2017
Vert. meters:,3721,2017
Departure:,Pordenone,2017
Arrival:,Asiago,2017
Race ranking:,23,2017
Startlist quality score:,795,2017
Won how:,Sprint of small group,2017
Date:,28 May 2017,2017
Date:,28 May 2017,2017
Start time:,14:10 ,2017
Date:,28 May 2017,2017
Start time:,14:10 ,2017
Avg. speed winner:,53.06 km/h,2017
Date:,28 May 2017,2017
Start time:,14:10 ,2017
Avg. speed winner:,53.06 km/h,2017
Race category:,ME - Men Elite,2017
Date:,28 May 2017,2017
Start time:,14:10 ,2017
Avg. speed winner:,53.06 km/h,2017
Race category:,ME - Men Elite,2017
Distance:,29.3 km,2017
Date:,28 May 2017,2017
Start time:,14:10 ,2017
Avg. speed winner:,53.06 km/h,2017
Race category:,ME - Men Elite,2017
Distance:,29.3 km,2017
Points scale:,GT.B.Stage,2017
Date:,28 May 2017,2017
Start time:,14:10 ,2017
Avg. speed winner:,53.06 km/h,2017
Race category:,ME - Men Elite,2017
Distance:,29.3 km,2017
Points scale:,GT.B.Stage,2017
Parcours type:,p1,2017
Date:,28 May 2017,2017
Start time:,14:10 ,2017
Avg. speed winner:,53.06 km/h,2017
Race category:,ME - Men Elite,2017
Distance:,29.3 km,2017
Points scale:,GT.B.Stage,2017
Parcours type:,p1,2017
ProfileScore:,0,2017
Date:,28 May 2017,2017
Start time:,14:10 ,2017
Avg. speed winner:,53.06 km/h,2017
Race category:,ME - Men Elite,2017
Distance:,29.3 km,2017
Points scale:,GT.B.Stage,2017
Parcours type:,p1,2017
ProfileScore:,0,2017
Vert. meters:,25,2017
Date:,28 May 2017,2017
Start time:,14:10 ,2017
Avg. speed winner:,53.06 km/h,2017
Race category:,ME - Men Elite,2017
Distance:,29.3 km,2017
Points scale:,GT.B.Stage,2017
Parcours type:,p1,2017
ProfileScore:,0,2017
Vert. meters:,25,2017
Departure:,Monza,2017
Date:,28 May 2017,2017
Start time:,14:10 ,2017
Avg. speed winner:,53.06 km/h,2017
Race category:,ME - Men Elite,2017
Distance:,29.3 km,2017
Points scale:,GT.B.Stage,2017
Parcours type:,p1,2017
ProfileScore:,0,2017
Vert. meters:,25,2017
Departure:,Monza,2017
Arrival:,Milano,2017
Date:,28 May 2017,2017
Start time:,14:10 ,2017
Avg. speed winner:,53.06 km/h,2017
Race category:,ME - Men Elite,2017
Distance:,29.3 km,2017
Points scale:,GT.B.Stage,2017
Parcours type:,p1,2017
ProfileScore:,0,2017
Vert. meters:,25,2017
Departure:,Monza,2017
Arrival:,Milano,2017
Race ranking:,23,2017
Date:,28 May 2017,2017
Start time:,14:10 ,2017
Avg. speed winner:,53.06 km/h,2017
Race category:,ME - Men Elite,2017
Distance:,29.3 km,2017
Points scale:,GT.B.Stage,2017
Parcours type:,p1,2017
ProfileScore:,0,2017
Vert. meters:,25,2017
Departure:,Monza,2017
Arrival:,Milano,2017
Race ranking:,23,2017
Startlist quality score:,795,2017
Date:,28 May 2017,2017
Start time:,14:10 ,2017
Avg. speed winner:,53.06 km/h,2017
Race category:,ME - Men Elite,2017
Distance:,29.3 km,2017
Points scale:,GT.B.Stage,2017
Parcours type:,p1,2017
ProfileScore:,0,2017
Vert. meters:,25,2017
Departure:,Monza,2017
Arrival:,Milano,2017
Race ranking:,23,2017
Startlist quality score:,795,2017
Won how:,Time Trial,2017
