team,team_class,team_points,year,race
Movistar Team,WT,7537,2016,vuelta-a-espana
Movistar Team,WT,7537,2016,vuelta-a-espana
BMC Racing Team,WT,4914,2016,vuelta-a-espana
Movistar Team,WT,7537,2016,vuelta-a-espana
BMC Racing Team,WT,4914,2016,vuelta-a-espana
Team Sky,WT,4396,2016,vuelta-a-espana
Movistar Team,WT,7537,2016,vuelta-a-espana
BMC Racing Team,WT,4914,2016,vuelta-a-espana
Team Sky,WT,4396,2016,vuelta-a-espana
Etixx - Quick Step,WT,3992,2016,vuelta-a-espana
Movistar Team,WT,7537,2016,vuelta-a-espana
BMC Racing Team,WT,4914,2016,vuelta-a-espana
Team Sky,WT,4396,2016,vuelta-a-espana
Etixx - Quick Step,WT,3992,2016,vuelta-a-espana
Tinkoff,WT,2819,2016,vuelta-a-espana
Movistar Team,WT,7537,2016,vuelta-a-espana
BMC Racing Team,WT,4914,2016,vuelta-a-espana
Team Sky,WT,4396,2016,vuelta-a-espana
Etixx - Quick Step,WT,3992,2016,vuelta-a-espana
Tinkoff,WT,2819,2016,vuelta-a-espana
Cannondale-Drapac Pro Cycling Team,WT,2691,2016,vuelta-a-espana
Movistar Team,WT,7537,2016,vuelta-a-espana
BMC Racing Team,WT,4914,2016,vuelta-a-espana
Team Sky,WT,4396,2016,vuelta-a-espana
Etixx - Quick Step,WT,3992,2016,vuelta-a-espana
Tinkoff,WT,2819,2016,vuelta-a-espana
Cannondale-Drapac Pro Cycling Team,WT,2691,2016,vuelta-a-espana
ORICA-BikeExchange,WT,2568,2016,vuelta-a-espana
Movistar Team,WT,7537,2016,vuelta-a-espana
BMC Racing Team,WT,4914,2016,vuelta-a-espana
Team Sky,WT,4396,2016,vuelta-a-espana
Etixx - Quick Step,WT,3992,2016,vuelta-a-espana
Tinkoff,WT,2819,2016,vuelta-a-espana
Cannondale-Drapac Pro Cycling Team,WT,2691,2016,vuelta-a-espana
ORICA-BikeExchange,WT,2568,2016,vuelta-a-espana
Team LottoNL-Jumbo,WT,2536,2016,vuelta-a-espana
Movistar Team,WT,7537,2016,vuelta-a-espana
BMC Racing Team,WT,4914,2016,vuelta-a-espana
Team Sky,WT,4396,2016,vuelta-a-espana
Etixx - Quick Step,WT,3992,2016,vuelta-a-espana
Tinkoff,WT,2819,2016,vuelta-a-espana
Cannondale-Drapac Pro Cycling Team,WT,2691,2016,vuelta-a-espana
ORICA-BikeExchange,WT,2568,2016,vuelta-a-espana
Team LottoNL-Jumbo,WT,2536,2016,vuelta-a-espana
Trek - Segafredo,WT,2218,2016,vuelta-a-espana
Movistar Team,WT,7537,2016,vuelta-a-espana
BMC Racing Team,WT,4914,2016,vuelta-a-espana
Team Sky,WT,4396,2016,vuelta-a-espana
Etixx - Quick Step,WT,3992,2016,vuelta-a-espana
Tinkoff,WT,2819,2016,vuelta-a-espana
Cannondale-Drapac Pro Cycling Team,WT,2691,2016,vuelta-a-espana
ORICA-BikeExchange,WT,2568,2016,vuelta-a-espana
Team LottoNL-Jumbo,WT,2536,2016,vuelta-a-espana
Trek - Segafredo,WT,2218,2016,vuelta-a-espana
AG2R La Mondiale,WT,2148,2016,vuelta-a-espana
Movistar Team,WT,7537,2016,vuelta-a-espana
BMC Racing Team,WT,4914,2016,vuelta-a-espana
Team Sky,WT,4396,2016,vuelta-a-espana
Etixx - Quick Step,WT,3992,2016,vuelta-a-espana
Tinkoff,WT,2819,2016,vuelta-a-espana
Cannondale-Drapac Pro Cycling Team,WT,2691,2016,vuelta-a-espana
ORICA-BikeExchange,WT,2568,2016,vuelta-a-espana
Team LottoNL-Jumbo,WT,2536,2016,vuelta-a-espana
Trek - Segafredo,WT,2218,2016,vuelta-a-espana
AG2R La Mondiale,WT,2148,2016,vuelta-a-espana
Team Katusha ,WT,2001,2016,vuelta-a-espana
Movistar Team,WT,7537,2016,vuelta-a-espana
BMC Racing Team,WT,4914,2016,vuelta-a-espana
Team Sky,WT,4396,2016,vuelta-a-espana
Etixx - Quick Step,WT,3992,2016,vuelta-a-espana
Tinkoff,WT,2819,2016,vuelta-a-espana
Cannondale-Drapac Pro Cycling Team,WT,2691,2016,vuelta-a-espana
ORICA-BikeExchange,WT,2568,2016,vuelta-a-espana
Team LottoNL-Jumbo,WT,2536,2016,vuelta-a-espana
Trek - Segafredo,WT,2218,2016,vuelta-a-espana
AG2R La Mondiale,WT,2148,2016,vuelta-a-espana
Team Katusha ,WT,2001,2016,vuelta-a-espana
Astana Pro Team,WT,1966,2016,vuelta-a-espana
Movistar Team,WT,7537,2016,vuelta-a-espana
BMC Racing Team,WT,4914,2016,vuelta-a-espana
Team Sky,WT,4396,2016,vuelta-a-espana
Etixx - Quick Step,WT,3992,2016,vuelta-a-espana
Tinkoff,WT,2819,2016,vuelta-a-espana
Cannondale-Drapac Pro Cycling Team,WT,2691,2016,vuelta-a-espana
ORICA-BikeExchange,WT,2568,2016,vuelta-a-espana
Team LottoNL-Jumbo,WT,2536,2016,vuelta-a-espana
Trek - Segafredo,WT,2218,2016,vuelta-a-espana
AG2R La Mondiale,WT,2148,2016,vuelta-a-espana
Team Katusha ,WT,2001,2016,vuelta-a-espana
Astana Pro Team,WT,1966,2016,vuelta-a-espana
Team Dimension Data,WT,1945,2016,vuelta-a-espana
Movistar Team,WT,7537,2016,vuelta-a-espana
BMC Racing Team,WT,4914,2016,vuelta-a-espana
Team Sky,WT,4396,2016,vuelta-a-espana
Etixx - Quick Step,WT,3992,2016,vuelta-a-espana
Tinkoff,WT,2819,2016,vuelta-a-espana
Cannondale-Drapac Pro Cycling Team,WT,2691,2016,vuelta-a-espana
ORICA-BikeExchange,WT,2568,2016,vuelta-a-espana
Team LottoNL-Jumbo,WT,2536,2016,vuelta-a-espana
Trek - Segafredo,WT,2218,2016,vuelta-a-espana
AG2R La Mondiale,WT,2148,2016,vuelta-a-espana
Team Katusha ,WT,2001,2016,vuelta-a-espana
Astana Pro Team,WT,1966,2016,vuelta-a-espana
Team Dimension Data,WT,1945,2016,vuelta-a-espana
Lampre - Merida,WT,1781,2016,vuelta-a-espana
Movistar Team,WT,7537,2016,vuelta-a-espana
BMC Racing Team,WT,4914,2016,vuelta-a-espana
Team Sky,WT,4396,2016,vuelta-a-espana
Etixx - Quick Step,WT,3992,2016,vuelta-a-espana
Tinkoff,WT,2819,2016,vuelta-a-espana
Cannondale-Drapac Pro Cycling Team,WT,2691,2016,vuelta-a-espana
ORICA-BikeExchange,WT,2568,2016,vuelta-a-espana
Team LottoNL-Jumbo,WT,2536,2016,vuelta-a-espana
Trek - Segafredo,WT,2218,2016,vuelta-a-espana
AG2R La Mondiale,WT,2148,2016,vuelta-a-espana
Team Katusha ,WT,2001,2016,vuelta-a-espana
Astana Pro Team,WT,1966,2016,vuelta-a-espana
Team Dimension Data,WT,1945,2016,vuelta-a-espana
Lampre - Merida,WT,1781,2016,vuelta-a-espana
Lotto Soudal,WT,1772,2016,vuelta-a-espana
Movistar Team,WT,7537,2016,vuelta-a-espana
BMC Racing Team,WT,4914,2016,vuelta-a-espana
Team Sky,WT,4396,2016,vuelta-a-espana
Etixx - Quick Step,WT,3992,2016,vuelta-a-espana
Tinkoff,WT,2819,2016,vuelta-a-espana
Cannondale-Drapac Pro Cycling Team,WT,2691,2016,vuelta-a-espana
ORICA-BikeExchange,WT,2568,2016,vuelta-a-espana
Team LottoNL-Jumbo,WT,2536,2016,vuelta-a-espana
Trek - Segafredo,WT,2218,2016,vuelta-a-espana
AG2R La Mondiale,WT,2148,2016,vuelta-a-espana
Team Katusha ,WT,2001,2016,vuelta-a-espana
Astana Pro Team,WT,1966,2016,vuelta-a-espana
Team Dimension Data,WT,1945,2016,vuelta-a-espana
Lampre - Merida,WT,1781,2016,vuelta-a-espana
Lotto Soudal,WT,1772,2016,vuelta-a-espana
FDJ,WT,1698,2016,vuelta-a-espana
Movistar Team,WT,7537,2016,vuelta-a-espana
BMC Racing Team,WT,4914,2016,vuelta-a-espana
Team Sky,WT,4396,2016,vuelta-a-espana
Etixx - Quick Step,WT,3992,2016,vuelta-a-espana
Tinkoff,WT,2819,2016,vuelta-a-espana
Cannondale-Drapac Pro Cycling Team,WT,2691,2016,vuelta-a-espana
ORICA-BikeExchange,WT,2568,2016,vuelta-a-espana
Team LottoNL-Jumbo,WT,2536,2016,vuelta-a-espana
Trek - Segafredo,WT,2218,2016,vuelta-a-espana
AG2R La Mondiale,WT,2148,2016,vuelta-a-espana
Team Katusha ,WT,2001,2016,vuelta-a-espana
Astana Pro Team,WT,1966,2016,vuelta-a-espana
Team Dimension Data,WT,1945,2016,vuelta-a-espana
Lampre - Merida,WT,1781,2016,vuelta-a-espana
Lotto Soudal,WT,1772,2016,vuelta-a-espana
FDJ,WT,1698,2016,vuelta-a-espana
Caja Rural - Seguros RGA,PCT,1641,2016,vuelta-a-espana
Movistar Team,WT,7537,2016,vuelta-a-espana
BMC Racing Team,WT,4914,2016,vuelta-a-espana
Team Sky,WT,4396,2016,vuelta-a-espana
Etixx - Quick Step,WT,3992,2016,vuelta-a-espana
Tinkoff,WT,2819,2016,vuelta-a-espana
Cannondale-Drapac Pro Cycling Team,WT,2691,2016,vuelta-a-espana
ORICA-BikeExchange,WT,2568,2016,vuelta-a-espana
Team LottoNL-Jumbo,WT,2536,2016,vuelta-a-espana
Trek - Segafredo,WT,2218,2016,vuelta-a-espana
AG2R La Mondiale,WT,2148,2016,vuelta-a-espana
Team Katusha ,WT,2001,2016,vuelta-a-espana
Astana Pro Team,WT,1966,2016,vuelta-a-espana
Team Dimension Data,WT,1945,2016,vuelta-a-espana
Lampre - Merida,WT,1781,2016,vuelta-a-espana
Lotto Soudal,WT,1772,2016,vuelta-a-espana
FDJ,WT,1698,2016,vuelta-a-espana
Caja Rural - Seguros RGA,PCT,1641,2016,vuelta-a-espana
IAM Cycling,WT,1342,2016,vuelta-a-espana
Movistar Team,WT,7537,2016,vuelta-a-espana
BMC Racing Team,WT,4914,2016,vuelta-a-espana
Team Sky,WT,4396,2016,vuelta-a-espana
Etixx - Quick Step,WT,3992,2016,vuelta-a-espana
Tinkoff,WT,2819,2016,vuelta-a-espana
Cannondale-Drapac Pro Cycling Team,WT,2691,2016,vuelta-a-espana
ORICA-BikeExchange,WT,2568,2016,vuelta-a-espana
Team LottoNL-Jumbo,WT,2536,2016,vuelta-a-espana
Trek - Segafredo,WT,2218,2016,vuelta-a-espana
AG2R La Mondiale,WT,2148,2016,vuelta-a-espana
Team Katusha ,WT,2001,2016,vuelta-a-espana
Astana Pro Team,WT,1966,2016,vuelta-a-espana
Team Dimension Data,WT,1945,2016,vuelta-a-espana
Lampre - Merida,WT,1781,2016,vuelta-a-espana
Lotto Soudal,WT,1772,2016,vuelta-a-espana
FDJ,WT,1698,2016,vuelta-a-espana
Caja Rural - Seguros RGA,PCT,1641,2016,vuelta-a-espana
IAM Cycling,WT,1342,2016,vuelta-a-espana
"Cofidis, Solutions Crédits",PCT,1319,2016,vuelta-a-espana
Movistar Team,WT,7537,2016,vuelta-a-espana
BMC Racing Team,WT,4914,2016,vuelta-a-espana
Team Sky,WT,4396,2016,vuelta-a-espana
Etixx - Quick Step,WT,3992,2016,vuelta-a-espana
Tinkoff,WT,2819,2016,vuelta-a-espana
Cannondale-Drapac Pro Cycling Team,WT,2691,2016,vuelta-a-espana
ORICA-BikeExchange,WT,2568,2016,vuelta-a-espana
Team LottoNL-Jumbo,WT,2536,2016,vuelta-a-espana
Trek - Segafredo,WT,2218,2016,vuelta-a-espana
AG2R La Mondiale,WT,2148,2016,vuelta-a-espana
Team Katusha ,WT,2001,2016,vuelta-a-espana
Astana Pro Team,WT,1966,2016,vuelta-a-espana
Team Dimension Data,WT,1945,2016,vuelta-a-espana
Lampre - Merida,WT,1781,2016,vuelta-a-espana
Lotto Soudal,WT,1772,2016,vuelta-a-espana
FDJ,WT,1698,2016,vuelta-a-espana
Caja Rural - Seguros RGA,PCT,1641,2016,vuelta-a-espana
IAM Cycling,WT,1342,2016,vuelta-a-espana
"Cofidis, Solutions Crédits",PCT,1319,2016,vuelta-a-espana
Team Giant - Alpecin,WT,1229,2016,vuelta-a-espana
Movistar Team,WT,7537,2016,vuelta-a-espana
BMC Racing Team,WT,4914,2016,vuelta-a-espana
Team Sky,WT,4396,2016,vuelta-a-espana
Etixx - Quick Step,WT,3992,2016,vuelta-a-espana
Tinkoff,WT,2819,2016,vuelta-a-espana
Cannondale-Drapac Pro Cycling Team,WT,2691,2016,vuelta-a-espana
ORICA-BikeExchange,WT,2568,2016,vuelta-a-espana
Team LottoNL-Jumbo,WT,2536,2016,vuelta-a-espana
Trek - Segafredo,WT,2218,2016,vuelta-a-espana
AG2R La Mondiale,WT,2148,2016,vuelta-a-espana
Team Katusha ,WT,2001,2016,vuelta-a-espana
Astana Pro Team,WT,1966,2016,vuelta-a-espana
Team Dimension Data,WT,1945,2016,vuelta-a-espana
Lampre - Merida,WT,1781,2016,vuelta-a-espana
Lotto Soudal,WT,1772,2016,vuelta-a-espana
FDJ,WT,1698,2016,vuelta-a-espana
Caja Rural - Seguros RGA,PCT,1641,2016,vuelta-a-espana
IAM Cycling,WT,1342,2016,vuelta-a-espana
"Cofidis, Solutions Crédits",PCT,1319,2016,vuelta-a-espana
Team Giant - Alpecin,WT,1229,2016,vuelta-a-espana
Bora - Argon 18,PCT,929,2016,vuelta-a-espana
Movistar Team,WT,7537,2016,vuelta-a-espana
BMC Racing Team,WT,4914,2016,vuelta-a-espana
Team Sky,WT,4396,2016,vuelta-a-espana
Etixx - Quick Step,WT,3992,2016,vuelta-a-espana
Tinkoff,WT,2819,2016,vuelta-a-espana
Cannondale-Drapac Pro Cycling Team,WT,2691,2016,vuelta-a-espana
ORICA-BikeExchange,WT,2568,2016,vuelta-a-espana
Team LottoNL-Jumbo,WT,2536,2016,vuelta-a-espana
Trek - Segafredo,WT,2218,2016,vuelta-a-espana
AG2R La Mondiale,WT,2148,2016,vuelta-a-espana
Team Katusha ,WT,2001,2016,vuelta-a-espana
Astana Pro Team,WT,1966,2016,vuelta-a-espana
Team Dimension Data,WT,1945,2016,vuelta-a-espana
Lampre - Merida,WT,1781,2016,vuelta-a-espana
Lotto Soudal,WT,1772,2016,vuelta-a-espana
FDJ,WT,1698,2016,vuelta-a-espana
Caja Rural - Seguros RGA,PCT,1641,2016,vuelta-a-espana
IAM Cycling,WT,1342,2016,vuelta-a-espana
"Cofidis, Solutions Crédits",PCT,1319,2016,vuelta-a-espana
Team Giant - Alpecin,WT,1229,2016,vuelta-a-espana
Bora - Argon 18,PCT,929,2016,vuelta-a-espana
Direct Energie,PCT,845,2016,vuelta-a-espana
ORICA-Scott,WT,4681,2017,vuelta-a-espana
ORICA-Scott,WT,4681,2017,vuelta-a-espana
Quick-Step Floors,WT,4515,2017,vuelta-a-espana
ORICA-Scott,WT,4681,2017,vuelta-a-espana
Quick-Step Floors,WT,4515,2017,vuelta-a-espana
Trek - Segafredo,WT,3748,2017,vuelta-a-espana
ORICA-Scott,WT,4681,2017,vuelta-a-espana
Quick-Step Floors,WT,4515,2017,vuelta-a-espana
Trek - Segafredo,WT,3748,2017,vuelta-a-espana
UAE Team Emirates,WT,3573,2017,vuelta-a-espana
ORICA-Scott,WT,4681,2017,vuelta-a-espana
Quick-Step Floors,WT,4515,2017,vuelta-a-espana
Trek - Segafredo,WT,3748,2017,vuelta-a-espana
UAE Team Emirates,WT,3573,2017,vuelta-a-espana
Team Sky,WT,3546,2017,vuelta-a-espana
ORICA-Scott,WT,4681,2017,vuelta-a-espana
Quick-Step Floors,WT,4515,2017,vuelta-a-espana
Trek - Segafredo,WT,3748,2017,vuelta-a-espana
UAE Team Emirates,WT,3573,2017,vuelta-a-espana
Team Sky,WT,3546,2017,vuelta-a-espana
BMC Racing Team,WT,3353,2017,vuelta-a-espana
ORICA-Scott,WT,4681,2017,vuelta-a-espana
Quick-Step Floors,WT,4515,2017,vuelta-a-espana
Trek - Segafredo,WT,3748,2017,vuelta-a-espana
UAE Team Emirates,WT,3573,2017,vuelta-a-espana
Team Sky,WT,3546,2017,vuelta-a-espana
BMC Racing Team,WT,3353,2017,vuelta-a-espana
AG2R La Mondiale,WT,3240,2017,vuelta-a-espana
ORICA-Scott,WT,4681,2017,vuelta-a-espana
Quick-Step Floors,WT,4515,2017,vuelta-a-espana
Trek - Segafredo,WT,3748,2017,vuelta-a-espana
UAE Team Emirates,WT,3573,2017,vuelta-a-espana
Team Sky,WT,3546,2017,vuelta-a-espana
BMC Racing Team,WT,3353,2017,vuelta-a-espana
AG2R La Mondiale,WT,3240,2017,vuelta-a-espana
Astana Pro Team,WT,3170,2017,vuelta-a-espana
ORICA-Scott,WT,4681,2017,vuelta-a-espana
Quick-Step Floors,WT,4515,2017,vuelta-a-espana
Trek - Segafredo,WT,3748,2017,vuelta-a-espana
UAE Team Emirates,WT,3573,2017,vuelta-a-espana
Team Sky,WT,3546,2017,vuelta-a-espana
BMC Racing Team,WT,3353,2017,vuelta-a-espana
AG2R La Mondiale,WT,3240,2017,vuelta-a-espana
Astana Pro Team,WT,3170,2017,vuelta-a-espana
Team Sunweb,WT,2480,2017,vuelta-a-espana
ORICA-Scott,WT,4681,2017,vuelta-a-espana
Quick-Step Floors,WT,4515,2017,vuelta-a-espana
Trek - Segafredo,WT,3748,2017,vuelta-a-espana
UAE Team Emirates,WT,3573,2017,vuelta-a-espana
Team Sky,WT,3546,2017,vuelta-a-espana
BMC Racing Team,WT,3353,2017,vuelta-a-espana
AG2R La Mondiale,WT,3240,2017,vuelta-a-espana
Astana Pro Team,WT,3170,2017,vuelta-a-espana
Team Sunweb,WT,2480,2017,vuelta-a-espana
BORA - hansgrohe,WT,2397,2017,vuelta-a-espana
ORICA-Scott,WT,4681,2017,vuelta-a-espana
Quick-Step Floors,WT,4515,2017,vuelta-a-espana
Trek - Segafredo,WT,3748,2017,vuelta-a-espana
UAE Team Emirates,WT,3573,2017,vuelta-a-espana
Team Sky,WT,3546,2017,vuelta-a-espana
BMC Racing Team,WT,3353,2017,vuelta-a-espana
AG2R La Mondiale,WT,3240,2017,vuelta-a-espana
Astana Pro Team,WT,3170,2017,vuelta-a-espana
Team Sunweb,WT,2480,2017,vuelta-a-espana
BORA - hansgrohe,WT,2397,2017,vuelta-a-espana
Movistar Team,WT,1974,2017,vuelta-a-espana
ORICA-Scott,WT,4681,2017,vuelta-a-espana
Quick-Step Floors,WT,4515,2017,vuelta-a-espana
Trek - Segafredo,WT,3748,2017,vuelta-a-espana
UAE Team Emirates,WT,3573,2017,vuelta-a-espana
Team Sky,WT,3546,2017,vuelta-a-espana
BMC Racing Team,WT,3353,2017,vuelta-a-espana
AG2R La Mondiale,WT,3240,2017,vuelta-a-espana
Astana Pro Team,WT,3170,2017,vuelta-a-espana
Team Sunweb,WT,2480,2017,vuelta-a-espana
BORA - hansgrohe,WT,2397,2017,vuelta-a-espana
Movistar Team,WT,1974,2017,vuelta-a-espana
Bahrain Merida Pro Cycling Team,WT,1882,2017,vuelta-a-espana
ORICA-Scott,WT,4681,2017,vuelta-a-espana
Quick-Step Floors,WT,4515,2017,vuelta-a-espana
Trek - Segafredo,WT,3748,2017,vuelta-a-espana
UAE Team Emirates,WT,3573,2017,vuelta-a-espana
Team Sky,WT,3546,2017,vuelta-a-espana
BMC Racing Team,WT,3353,2017,vuelta-a-espana
AG2R La Mondiale,WT,3240,2017,vuelta-a-espana
Astana Pro Team,WT,3170,2017,vuelta-a-espana
Team Sunweb,WT,2480,2017,vuelta-a-espana
BORA - hansgrohe,WT,2397,2017,vuelta-a-espana
Movistar Team,WT,1974,2017,vuelta-a-espana
Bahrain Merida Pro Cycling Team,WT,1882,2017,vuelta-a-espana
Team LottoNL-Jumbo,WT,1876,2017,vuelta-a-espana
ORICA-Scott,WT,4681,2017,vuelta-a-espana
Quick-Step Floors,WT,4515,2017,vuelta-a-espana
Trek - Segafredo,WT,3748,2017,vuelta-a-espana
UAE Team Emirates,WT,3573,2017,vuelta-a-espana
Team Sky,WT,3546,2017,vuelta-a-espana
BMC Racing Team,WT,3353,2017,vuelta-a-espana
AG2R La Mondiale,WT,3240,2017,vuelta-a-espana
Astana Pro Team,WT,3170,2017,vuelta-a-espana
Team Sunweb,WT,2480,2017,vuelta-a-espana
BORA - hansgrohe,WT,2397,2017,vuelta-a-espana
Movistar Team,WT,1974,2017,vuelta-a-espana
Bahrain Merida Pro Cycling Team,WT,1882,2017,vuelta-a-espana
Team LottoNL-Jumbo,WT,1876,2017,vuelta-a-espana
Lotto Soudal,WT,1757,2017,vuelta-a-espana
ORICA-Scott,WT,4681,2017,vuelta-a-espana
Quick-Step Floors,WT,4515,2017,vuelta-a-espana
Trek - Segafredo,WT,3748,2017,vuelta-a-espana
UAE Team Emirates,WT,3573,2017,vuelta-a-espana
Team Sky,WT,3546,2017,vuelta-a-espana
BMC Racing Team,WT,3353,2017,vuelta-a-espana
AG2R La Mondiale,WT,3240,2017,vuelta-a-espana
Astana Pro Team,WT,3170,2017,vuelta-a-espana
Team Sunweb,WT,2480,2017,vuelta-a-espana
BORA - hansgrohe,WT,2397,2017,vuelta-a-espana
Movistar Team,WT,1974,2017,vuelta-a-espana
Bahrain Merida Pro Cycling Team,WT,1882,2017,vuelta-a-espana
Team LottoNL-Jumbo,WT,1876,2017,vuelta-a-espana
Lotto Soudal,WT,1757,2017,vuelta-a-espana
Team Katusha Alpecin,WT,1732,2017,vuelta-a-espana
ORICA-Scott,WT,4681,2017,vuelta-a-espana
Quick-Step Floors,WT,4515,2017,vuelta-a-espana
Trek - Segafredo,WT,3748,2017,vuelta-a-espana
UAE Team Emirates,WT,3573,2017,vuelta-a-espana
Team Sky,WT,3546,2017,vuelta-a-espana
BMC Racing Team,WT,3353,2017,vuelta-a-espana
AG2R La Mondiale,WT,3240,2017,vuelta-a-espana
Astana Pro Team,WT,3170,2017,vuelta-a-espana
Team Sunweb,WT,2480,2017,vuelta-a-espana
BORA - hansgrohe,WT,2397,2017,vuelta-a-espana
Movistar Team,WT,1974,2017,vuelta-a-espana
Bahrain Merida Pro Cycling Team,WT,1882,2017,vuelta-a-espana
Team LottoNL-Jumbo,WT,1876,2017,vuelta-a-espana
Lotto Soudal,WT,1757,2017,vuelta-a-espana
Team Katusha Alpecin,WT,1732,2017,vuelta-a-espana
Team Dimension Data,WT,1653,2017,vuelta-a-espana
ORICA-Scott,WT,4681,2017,vuelta-a-espana
Quick-Step Floors,WT,4515,2017,vuelta-a-espana
Trek - Segafredo,WT,3748,2017,vuelta-a-espana
UAE Team Emirates,WT,3573,2017,vuelta-a-espana
Team Sky,WT,3546,2017,vuelta-a-espana
BMC Racing Team,WT,3353,2017,vuelta-a-espana
AG2R La Mondiale,WT,3240,2017,vuelta-a-espana
Astana Pro Team,WT,3170,2017,vuelta-a-espana
Team Sunweb,WT,2480,2017,vuelta-a-espana
BORA - hansgrohe,WT,2397,2017,vuelta-a-espana
Movistar Team,WT,1974,2017,vuelta-a-espana
Bahrain Merida Pro Cycling Team,WT,1882,2017,vuelta-a-espana
Team LottoNL-Jumbo,WT,1876,2017,vuelta-a-espana
Lotto Soudal,WT,1757,2017,vuelta-a-espana
Team Katusha Alpecin,WT,1732,2017,vuelta-a-espana
Team Dimension Data,WT,1653,2017,vuelta-a-espana
Cannondale-Drapac Pro Cycling Team,WT,1600,2017,vuelta-a-espana
ORICA-Scott,WT,4681,2017,vuelta-a-espana
Quick-Step Floors,WT,4515,2017,vuelta-a-espana
Trek - Segafredo,WT,3748,2017,vuelta-a-espana
UAE Team Emirates,WT,3573,2017,vuelta-a-espana
Team Sky,WT,3546,2017,vuelta-a-espana
BMC Racing Team,WT,3353,2017,vuelta-a-espana
AG2R La Mondiale,WT,3240,2017,vuelta-a-espana
Astana Pro Team,WT,3170,2017,vuelta-a-espana
Team Sunweb,WT,2480,2017,vuelta-a-espana
BORA - hansgrohe,WT,2397,2017,vuelta-a-espana
Movistar Team,WT,1974,2017,vuelta-a-espana
Bahrain Merida Pro Cycling Team,WT,1882,2017,vuelta-a-espana
Team LottoNL-Jumbo,WT,1876,2017,vuelta-a-espana
Lotto Soudal,WT,1757,2017,vuelta-a-espana
Team Katusha Alpecin,WT,1732,2017,vuelta-a-espana
Team Dimension Data,WT,1653,2017,vuelta-a-espana
Cannondale-Drapac Pro Cycling Team,WT,1600,2017,vuelta-a-espana
FDJ,WT,1270,2017,vuelta-a-espana
ORICA-Scott,WT,4681,2017,vuelta-a-espana
Quick-Step Floors,WT,4515,2017,vuelta-a-espana
Trek - Segafredo,WT,3748,2017,vuelta-a-espana
UAE Team Emirates,WT,3573,2017,vuelta-a-espana
Team Sky,WT,3546,2017,vuelta-a-espana
BMC Racing Team,WT,3353,2017,vuelta-a-espana
AG2R La Mondiale,WT,3240,2017,vuelta-a-espana
Astana Pro Team,WT,3170,2017,vuelta-a-espana
Team Sunweb,WT,2480,2017,vuelta-a-espana
BORA - hansgrohe,WT,2397,2017,vuelta-a-espana
Movistar Team,WT,1974,2017,vuelta-a-espana
Bahrain Merida Pro Cycling Team,WT,1882,2017,vuelta-a-espana
Team LottoNL-Jumbo,WT,1876,2017,vuelta-a-espana
Lotto Soudal,WT,1757,2017,vuelta-a-espana
Team Katusha Alpecin,WT,1732,2017,vuelta-a-espana
Team Dimension Data,WT,1653,2017,vuelta-a-espana
Cannondale-Drapac Pro Cycling Team,WT,1600,2017,vuelta-a-espana
FDJ,WT,1270,2017,vuelta-a-espana
Aqua Blue Sport,PCT,1195,2017,vuelta-a-espana
ORICA-Scott,WT,4681,2017,vuelta-a-espana
Quick-Step Floors,WT,4515,2017,vuelta-a-espana
Trek - Segafredo,WT,3748,2017,vuelta-a-espana
UAE Team Emirates,WT,3573,2017,vuelta-a-espana
Team Sky,WT,3546,2017,vuelta-a-espana
BMC Racing Team,WT,3353,2017,vuelta-a-espana
AG2R La Mondiale,WT,3240,2017,vuelta-a-espana
Astana Pro Team,WT,3170,2017,vuelta-a-espana
Team Sunweb,WT,2480,2017,vuelta-a-espana
BORA - hansgrohe,WT,2397,2017,vuelta-a-espana
Movistar Team,WT,1974,2017,vuelta-a-espana
Bahrain Merida Pro Cycling Team,WT,1882,2017,vuelta-a-espana
Team LottoNL-Jumbo,WT,1876,2017,vuelta-a-espana
Lotto Soudal,WT,1757,2017,vuelta-a-espana
Team Katusha Alpecin,WT,1732,2017,vuelta-a-espana
Team Dimension Data,WT,1653,2017,vuelta-a-espana
Cannondale-Drapac Pro Cycling Team,WT,1600,2017,vuelta-a-espana
FDJ,WT,1270,2017,vuelta-a-espana
Aqua Blue Sport,PCT,1195,2017,vuelta-a-espana
"Cofidis, Solutions Crédits",PCT,1064,2017,vuelta-a-espana
ORICA-Scott,WT,4681,2017,vuelta-a-espana
Quick-Step Floors,WT,4515,2017,vuelta-a-espana
Trek - Segafredo,WT,3748,2017,vuelta-a-espana
UAE Team Emirates,WT,3573,2017,vuelta-a-espana
Team Sky,WT,3546,2017,vuelta-a-espana
BMC Racing Team,WT,3353,2017,vuelta-a-espana
AG2R La Mondiale,WT,3240,2017,vuelta-a-espana
Astana Pro Team,WT,3170,2017,vuelta-a-espana
Team Sunweb,WT,2480,2017,vuelta-a-espana
BORA - hansgrohe,WT,2397,2017,vuelta-a-espana
Movistar Team,WT,1974,2017,vuelta-a-espana
Bahrain Merida Pro Cycling Team,WT,1882,2017,vuelta-a-espana
Team LottoNL-Jumbo,WT,1876,2017,vuelta-a-espana
Lotto Soudal,WT,1757,2017,vuelta-a-espana
Team Katusha Alpecin,WT,1732,2017,vuelta-a-espana
Team Dimension Data,WT,1653,2017,vuelta-a-espana
Cannondale-Drapac Pro Cycling Team,WT,1600,2017,vuelta-a-espana
FDJ,WT,1270,2017,vuelta-a-espana
Aqua Blue Sport,PCT,1195,2017,vuelta-a-espana
"Cofidis, Solutions Crédits",PCT,1064,2017,vuelta-a-espana
Caja Rural - Seguros RGA,PCT,615,2017,vuelta-a-espana
ORICA-Scott,WT,4681,2017,vuelta-a-espana
Quick-Step Floors,WT,4515,2017,vuelta-a-espana
Trek - Segafredo,WT,3748,2017,vuelta-a-espana
UAE Team Emirates,WT,3573,2017,vuelta-a-espana
Team Sky,WT,3546,2017,vuelta-a-espana
BMC Racing Team,WT,3353,2017,vuelta-a-espana
AG2R La Mondiale,WT,3240,2017,vuelta-a-espana
Astana Pro Team,WT,3170,2017,vuelta-a-espana
Team Sunweb,WT,2480,2017,vuelta-a-espana
BORA - hansgrohe,WT,2397,2017,vuelta-a-espana
Movistar Team,WT,1974,2017,vuelta-a-espana
Bahrain Merida Pro Cycling Team,WT,1882,2017,vuelta-a-espana
Team LottoNL-Jumbo,WT,1876,2017,vuelta-a-espana
Lotto Soudal,WT,1757,2017,vuelta-a-espana
Team Katusha Alpecin,WT,1732,2017,vuelta-a-espana
Team Dimension Data,WT,1653,2017,vuelta-a-espana
Cannondale-Drapac Pro Cycling Team,WT,1600,2017,vuelta-a-espana
FDJ,WT,1270,2017,vuelta-a-espana
Aqua Blue Sport,PCT,1195,2017,vuelta-a-espana
"Cofidis, Solutions Crédits",PCT,1064,2017,vuelta-a-espana
Caja Rural - Seguros RGA,PCT,615,2017,vuelta-a-espana
Manzana Postobon,PCT,583,2017,vuelta-a-espana
BORA - hansgrohe,WT,5191,2018,vuelta-a-espana
BORA - hansgrohe,WT,5191,2018,vuelta-a-espana
Mitchelton-Scott,WT,5111,2018,vuelta-a-espana
BORA - hansgrohe,WT,5191,2018,vuelta-a-espana
Mitchelton-Scott,WT,5111,2018,vuelta-a-espana
Quick-Step Floors,WT,4312,2018,vuelta-a-espana
BORA - hansgrohe,WT,5191,2018,vuelta-a-espana
Mitchelton-Scott,WT,5111,2018,vuelta-a-espana
Quick-Step Floors,WT,4312,2018,vuelta-a-espana
Movistar Team,WT,4118,2018,vuelta-a-espana
BORA - hansgrohe,WT,5191,2018,vuelta-a-espana
Mitchelton-Scott,WT,5111,2018,vuelta-a-espana
Quick-Step Floors,WT,4312,2018,vuelta-a-espana
Movistar Team,WT,4118,2018,vuelta-a-espana
BMC Racing Team,WT,3993,2018,vuelta-a-espana
BORA - hansgrohe,WT,5191,2018,vuelta-a-espana
Mitchelton-Scott,WT,5111,2018,vuelta-a-espana
Quick-Step Floors,WT,4312,2018,vuelta-a-espana
Movistar Team,WT,4118,2018,vuelta-a-espana
BMC Racing Team,WT,3993,2018,vuelta-a-espana
Bahrain Merida Pro Cycling Team,WT,3432,2018,vuelta-a-espana
BORA - hansgrohe,WT,5191,2018,vuelta-a-espana
Mitchelton-Scott,WT,5111,2018,vuelta-a-espana
Quick-Step Floors,WT,4312,2018,vuelta-a-espana
Movistar Team,WT,4118,2018,vuelta-a-espana
BMC Racing Team,WT,3993,2018,vuelta-a-espana
Bahrain Merida Pro Cycling Team,WT,3432,2018,vuelta-a-espana
Team Sky,WT,3406,2018,vuelta-a-espana
BORA - hansgrohe,WT,5191,2018,vuelta-a-espana
Mitchelton-Scott,WT,5111,2018,vuelta-a-espana
Quick-Step Floors,WT,4312,2018,vuelta-a-espana
Movistar Team,WT,4118,2018,vuelta-a-espana
BMC Racing Team,WT,3993,2018,vuelta-a-espana
Bahrain Merida Pro Cycling Team,WT,3432,2018,vuelta-a-espana
Team Sky,WT,3406,2018,vuelta-a-espana
UAE Team Emirates,WT,3077,2018,vuelta-a-espana
BORA - hansgrohe,WT,5191,2018,vuelta-a-espana
Mitchelton-Scott,WT,5111,2018,vuelta-a-espana
Quick-Step Floors,WT,4312,2018,vuelta-a-espana
Movistar Team,WT,4118,2018,vuelta-a-espana
BMC Racing Team,WT,3993,2018,vuelta-a-espana
Bahrain Merida Pro Cycling Team,WT,3432,2018,vuelta-a-espana
Team Sky,WT,3406,2018,vuelta-a-espana
UAE Team Emirates,WT,3077,2018,vuelta-a-espana
Astana Pro Team,WT,2912,2018,vuelta-a-espana
BORA - hansgrohe,WT,5191,2018,vuelta-a-espana
Mitchelton-Scott,WT,5111,2018,vuelta-a-espana
Quick-Step Floors,WT,4312,2018,vuelta-a-espana
Movistar Team,WT,4118,2018,vuelta-a-espana
BMC Racing Team,WT,3993,2018,vuelta-a-espana
Bahrain Merida Pro Cycling Team,WT,3432,2018,vuelta-a-espana
Team Sky,WT,3406,2018,vuelta-a-espana
UAE Team Emirates,WT,3077,2018,vuelta-a-espana
Astana Pro Team,WT,2912,2018,vuelta-a-espana
Team EF Education First-Drapac p/b Cannondale,WT,2778,2018,vuelta-a-espana
BORA - hansgrohe,WT,5191,2018,vuelta-a-espana
Mitchelton-Scott,WT,5111,2018,vuelta-a-espana
Quick-Step Floors,WT,4312,2018,vuelta-a-espana
Movistar Team,WT,4118,2018,vuelta-a-espana
BMC Racing Team,WT,3993,2018,vuelta-a-espana
Bahrain Merida Pro Cycling Team,WT,3432,2018,vuelta-a-espana
Team Sky,WT,3406,2018,vuelta-a-espana
UAE Team Emirates,WT,3077,2018,vuelta-a-espana
Astana Pro Team,WT,2912,2018,vuelta-a-espana
Team EF Education First-Drapac p/b Cannondale,WT,2778,2018,vuelta-a-espana
Team LottoNL-Jumbo,WT,2764,2018,vuelta-a-espana
BORA - hansgrohe,WT,5191,2018,vuelta-a-espana
Mitchelton-Scott,WT,5111,2018,vuelta-a-espana
Quick-Step Floors,WT,4312,2018,vuelta-a-espana
Movistar Team,WT,4118,2018,vuelta-a-espana
BMC Racing Team,WT,3993,2018,vuelta-a-espana
Bahrain Merida Pro Cycling Team,WT,3432,2018,vuelta-a-espana
Team Sky,WT,3406,2018,vuelta-a-espana
UAE Team Emirates,WT,3077,2018,vuelta-a-espana
Astana Pro Team,WT,2912,2018,vuelta-a-espana
Team EF Education First-Drapac p/b Cannondale,WT,2778,2018,vuelta-a-espana
Team LottoNL-Jumbo,WT,2764,2018,vuelta-a-espana
Lotto Soudal,WT,2626,2018,vuelta-a-espana
BORA - hansgrohe,WT,5191,2018,vuelta-a-espana
Mitchelton-Scott,WT,5111,2018,vuelta-a-espana
Quick-Step Floors,WT,4312,2018,vuelta-a-espana
Movistar Team,WT,4118,2018,vuelta-a-espana
BMC Racing Team,WT,3993,2018,vuelta-a-espana
Bahrain Merida Pro Cycling Team,WT,3432,2018,vuelta-a-espana
Team Sky,WT,3406,2018,vuelta-a-espana
UAE Team Emirates,WT,3077,2018,vuelta-a-espana
Astana Pro Team,WT,2912,2018,vuelta-a-espana
Team EF Education First-Drapac p/b Cannondale,WT,2778,2018,vuelta-a-espana
Team LottoNL-Jumbo,WT,2764,2018,vuelta-a-espana
Lotto Soudal,WT,2626,2018,vuelta-a-espana
Team Sunweb,WT,2358,2018,vuelta-a-espana
BORA - hansgrohe,WT,5191,2018,vuelta-a-espana
Mitchelton-Scott,WT,5111,2018,vuelta-a-espana
Quick-Step Floors,WT,4312,2018,vuelta-a-espana
Movistar Team,WT,4118,2018,vuelta-a-espana
BMC Racing Team,WT,3993,2018,vuelta-a-espana
Bahrain Merida Pro Cycling Team,WT,3432,2018,vuelta-a-espana
Team Sky,WT,3406,2018,vuelta-a-espana
UAE Team Emirates,WT,3077,2018,vuelta-a-espana
Astana Pro Team,WT,2912,2018,vuelta-a-espana
Team EF Education First-Drapac p/b Cannondale,WT,2778,2018,vuelta-a-espana
Team LottoNL-Jumbo,WT,2764,2018,vuelta-a-espana
Lotto Soudal,WT,2626,2018,vuelta-a-espana
Team Sunweb,WT,2358,2018,vuelta-a-espana
AG2R La Mondiale,WT,2259,2018,vuelta-a-espana
BORA - hansgrohe,WT,5191,2018,vuelta-a-espana
Mitchelton-Scott,WT,5111,2018,vuelta-a-espana
Quick-Step Floors,WT,4312,2018,vuelta-a-espana
Movistar Team,WT,4118,2018,vuelta-a-espana
BMC Racing Team,WT,3993,2018,vuelta-a-espana
Bahrain Merida Pro Cycling Team,WT,3432,2018,vuelta-a-espana
Team Sky,WT,3406,2018,vuelta-a-espana
UAE Team Emirates,WT,3077,2018,vuelta-a-espana
Astana Pro Team,WT,2912,2018,vuelta-a-espana
Team EF Education First-Drapac p/b Cannondale,WT,2778,2018,vuelta-a-espana
Team LottoNL-Jumbo,WT,2764,2018,vuelta-a-espana
Lotto Soudal,WT,2626,2018,vuelta-a-espana
Team Sunweb,WT,2358,2018,vuelta-a-espana
AG2R La Mondiale,WT,2259,2018,vuelta-a-espana
Groupama - FDJ,WT,2113,2018,vuelta-a-espana
BORA - hansgrohe,WT,5191,2018,vuelta-a-espana
Mitchelton-Scott,WT,5111,2018,vuelta-a-espana
Quick-Step Floors,WT,4312,2018,vuelta-a-espana
Movistar Team,WT,4118,2018,vuelta-a-espana
BMC Racing Team,WT,3993,2018,vuelta-a-espana
Bahrain Merida Pro Cycling Team,WT,3432,2018,vuelta-a-espana
Team Sky,WT,3406,2018,vuelta-a-espana
UAE Team Emirates,WT,3077,2018,vuelta-a-espana
Astana Pro Team,WT,2912,2018,vuelta-a-espana
Team EF Education First-Drapac p/b Cannondale,WT,2778,2018,vuelta-a-espana
Team LottoNL-Jumbo,WT,2764,2018,vuelta-a-espana
Lotto Soudal,WT,2626,2018,vuelta-a-espana
Team Sunweb,WT,2358,2018,vuelta-a-espana
AG2R La Mondiale,WT,2259,2018,vuelta-a-espana
Groupama - FDJ,WT,2113,2018,vuelta-a-espana
"Cofidis, Solutions Crédits",PCT,1966,2018,vuelta-a-espana
BORA - hansgrohe,WT,5191,2018,vuelta-a-espana
Mitchelton-Scott,WT,5111,2018,vuelta-a-espana
Quick-Step Floors,WT,4312,2018,vuelta-a-espana
Movistar Team,WT,4118,2018,vuelta-a-espana
BMC Racing Team,WT,3993,2018,vuelta-a-espana
Bahrain Merida Pro Cycling Team,WT,3432,2018,vuelta-a-espana
Team Sky,WT,3406,2018,vuelta-a-espana
UAE Team Emirates,WT,3077,2018,vuelta-a-espana
Astana Pro Team,WT,2912,2018,vuelta-a-espana
Team EF Education First-Drapac p/b Cannondale,WT,2778,2018,vuelta-a-espana
Team LottoNL-Jumbo,WT,2764,2018,vuelta-a-espana
Lotto Soudal,WT,2626,2018,vuelta-a-espana
Team Sunweb,WT,2358,2018,vuelta-a-espana
AG2R La Mondiale,WT,2259,2018,vuelta-a-espana
Groupama - FDJ,WT,2113,2018,vuelta-a-espana
"Cofidis, Solutions Crédits",PCT,1966,2018,vuelta-a-espana
Trek - Segafredo,WT,1934,2018,vuelta-a-espana
BORA - hansgrohe,WT,5191,2018,vuelta-a-espana
Mitchelton-Scott,WT,5111,2018,vuelta-a-espana
Quick-Step Floors,WT,4312,2018,vuelta-a-espana
Movistar Team,WT,4118,2018,vuelta-a-espana
BMC Racing Team,WT,3993,2018,vuelta-a-espana
Bahrain Merida Pro Cycling Team,WT,3432,2018,vuelta-a-espana
Team Sky,WT,3406,2018,vuelta-a-espana
UAE Team Emirates,WT,3077,2018,vuelta-a-espana
Astana Pro Team,WT,2912,2018,vuelta-a-espana
Team EF Education First-Drapac p/b Cannondale,WT,2778,2018,vuelta-a-espana
Team LottoNL-Jumbo,WT,2764,2018,vuelta-a-espana
Lotto Soudal,WT,2626,2018,vuelta-a-espana
Team Sunweb,WT,2358,2018,vuelta-a-espana
AG2R La Mondiale,WT,2259,2018,vuelta-a-espana
Groupama - FDJ,WT,2113,2018,vuelta-a-espana
"Cofidis, Solutions Crédits",PCT,1966,2018,vuelta-a-espana
Trek - Segafredo,WT,1934,2018,vuelta-a-espana
Team Katusha Alpecin,WT,1490,2018,vuelta-a-espana
BORA - hansgrohe,WT,5191,2018,vuelta-a-espana
Mitchelton-Scott,WT,5111,2018,vuelta-a-espana
Quick-Step Floors,WT,4312,2018,vuelta-a-espana
Movistar Team,WT,4118,2018,vuelta-a-espana
BMC Racing Team,WT,3993,2018,vuelta-a-espana
Bahrain Merida Pro Cycling Team,WT,3432,2018,vuelta-a-espana
Team Sky,WT,3406,2018,vuelta-a-espana
UAE Team Emirates,WT,3077,2018,vuelta-a-espana
Astana Pro Team,WT,2912,2018,vuelta-a-espana
Team EF Education First-Drapac p/b Cannondale,WT,2778,2018,vuelta-a-espana
Team LottoNL-Jumbo,WT,2764,2018,vuelta-a-espana
Lotto Soudal,WT,2626,2018,vuelta-a-espana
Team Sunweb,WT,2358,2018,vuelta-a-espana
AG2R La Mondiale,WT,2259,2018,vuelta-a-espana
Groupama - FDJ,WT,2113,2018,vuelta-a-espana
"Cofidis, Solutions Crédits",PCT,1966,2018,vuelta-a-espana
Trek - Segafredo,WT,1934,2018,vuelta-a-espana
Team Katusha Alpecin,WT,1490,2018,vuelta-a-espana
Team Dimension Data,WT,1424,2018,vuelta-a-espana
BORA - hansgrohe,WT,5191,2018,vuelta-a-espana
Mitchelton-Scott,WT,5111,2018,vuelta-a-espana
Quick-Step Floors,WT,4312,2018,vuelta-a-espana
Movistar Team,WT,4118,2018,vuelta-a-espana
BMC Racing Team,WT,3993,2018,vuelta-a-espana
Bahrain Merida Pro Cycling Team,WT,3432,2018,vuelta-a-espana
Team Sky,WT,3406,2018,vuelta-a-espana
UAE Team Emirates,WT,3077,2018,vuelta-a-espana
Astana Pro Team,WT,2912,2018,vuelta-a-espana
Team EF Education First-Drapac p/b Cannondale,WT,2778,2018,vuelta-a-espana
Team LottoNL-Jumbo,WT,2764,2018,vuelta-a-espana
Lotto Soudal,WT,2626,2018,vuelta-a-espana
Team Sunweb,WT,2358,2018,vuelta-a-espana
AG2R La Mondiale,WT,2259,2018,vuelta-a-espana
Groupama - FDJ,WT,2113,2018,vuelta-a-espana
"Cofidis, Solutions Crédits",PCT,1966,2018,vuelta-a-espana
Trek - Segafredo,WT,1934,2018,vuelta-a-espana
Team Katusha Alpecin,WT,1490,2018,vuelta-a-espana
Team Dimension Data,WT,1424,2018,vuelta-a-espana
Euskadi - Murias,PCT,1373,2018,vuelta-a-espana
BORA - hansgrohe,WT,5191,2018,vuelta-a-espana
Mitchelton-Scott,WT,5111,2018,vuelta-a-espana
Quick-Step Floors,WT,4312,2018,vuelta-a-espana
Movistar Team,WT,4118,2018,vuelta-a-espana
BMC Racing Team,WT,3993,2018,vuelta-a-espana
Bahrain Merida Pro Cycling Team,WT,3432,2018,vuelta-a-espana
Team Sky,WT,3406,2018,vuelta-a-espana
UAE Team Emirates,WT,3077,2018,vuelta-a-espana
Astana Pro Team,WT,2912,2018,vuelta-a-espana
Team EF Education First-Drapac p/b Cannondale,WT,2778,2018,vuelta-a-espana
Team LottoNL-Jumbo,WT,2764,2018,vuelta-a-espana
Lotto Soudal,WT,2626,2018,vuelta-a-espana
Team Sunweb,WT,2358,2018,vuelta-a-espana
AG2R La Mondiale,WT,2259,2018,vuelta-a-espana
Groupama - FDJ,WT,2113,2018,vuelta-a-espana
"Cofidis, Solutions Crédits",PCT,1966,2018,vuelta-a-espana
Trek - Segafredo,WT,1934,2018,vuelta-a-espana
Team Katusha Alpecin,WT,1490,2018,vuelta-a-espana
Team Dimension Data,WT,1424,2018,vuelta-a-espana
Euskadi - Murias,PCT,1373,2018,vuelta-a-espana
Caja Rural - Seguros RGA,PCT,849,2018,vuelta-a-espana
BORA - hansgrohe,WT,5191,2018,vuelta-a-espana
Mitchelton-Scott,WT,5111,2018,vuelta-a-espana
Quick-Step Floors,WT,4312,2018,vuelta-a-espana
Movistar Team,WT,4118,2018,vuelta-a-espana
BMC Racing Team,WT,3993,2018,vuelta-a-espana
Bahrain Merida Pro Cycling Team,WT,3432,2018,vuelta-a-espana
Team Sky,WT,3406,2018,vuelta-a-espana
UAE Team Emirates,WT,3077,2018,vuelta-a-espana
Astana Pro Team,WT,2912,2018,vuelta-a-espana
Team EF Education First-Drapac p/b Cannondale,WT,2778,2018,vuelta-a-espana
Team LottoNL-Jumbo,WT,2764,2018,vuelta-a-espana
Lotto Soudal,WT,2626,2018,vuelta-a-espana
Team Sunweb,WT,2358,2018,vuelta-a-espana
AG2R La Mondiale,WT,2259,2018,vuelta-a-espana
Groupama - FDJ,WT,2113,2018,vuelta-a-espana
"Cofidis, Solutions Crédits",PCT,1966,2018,vuelta-a-espana
Trek - Segafredo,WT,1934,2018,vuelta-a-espana
Team Katusha Alpecin,WT,1490,2018,vuelta-a-espana
Team Dimension Data,WT,1424,2018,vuelta-a-espana
Euskadi - Murias,PCT,1373,2018,vuelta-a-espana
Caja Rural - Seguros RGA,PCT,849,2018,vuelta-a-espana
Burgos-BH,PCT,408,2018,vuelta-a-espana
Astana Pro Team,WT,6033,2019,vuelta-a-espana
Astana Pro Team,WT,6033,2019,vuelta-a-espana
Movistar Team,WT,4538,2019,vuelta-a-espana
Astana Pro Team,WT,6033,2019,vuelta-a-espana
Movistar Team,WT,4538,2019,vuelta-a-espana
Team Jumbo-Visma,WT,4333,2019,vuelta-a-espana
Astana Pro Team,WT,6033,2019,vuelta-a-espana
Movistar Team,WT,4538,2019,vuelta-a-espana
Team Jumbo-Visma,WT,4333,2019,vuelta-a-espana
BORA - hansgrohe,WT,4221,2019,vuelta-a-espana
Astana Pro Team,WT,6033,2019,vuelta-a-espana
Movistar Team,WT,4538,2019,vuelta-a-espana
Team Jumbo-Visma,WT,4333,2019,vuelta-a-espana
BORA - hansgrohe,WT,4221,2019,vuelta-a-espana
Deceuninck - Quick Step,WT,3744,2019,vuelta-a-espana
Astana Pro Team,WT,6033,2019,vuelta-a-espana
Movistar Team,WT,4538,2019,vuelta-a-espana
Team Jumbo-Visma,WT,4333,2019,vuelta-a-espana
BORA - hansgrohe,WT,4221,2019,vuelta-a-espana
Deceuninck - Quick Step,WT,3744,2019,vuelta-a-espana
EF Education First,WT,3436,2019,vuelta-a-espana
Astana Pro Team,WT,6033,2019,vuelta-a-espana
Movistar Team,WT,4538,2019,vuelta-a-espana
Team Jumbo-Visma,WT,4333,2019,vuelta-a-espana
BORA - hansgrohe,WT,4221,2019,vuelta-a-espana
Deceuninck - Quick Step,WT,3744,2019,vuelta-a-espana
EF Education First,WT,3436,2019,vuelta-a-espana
UAE Team Emirates,WT,3026,2019,vuelta-a-espana
Astana Pro Team,WT,6033,2019,vuelta-a-espana
Movistar Team,WT,4538,2019,vuelta-a-espana
Team Jumbo-Visma,WT,4333,2019,vuelta-a-espana
BORA - hansgrohe,WT,4221,2019,vuelta-a-espana
Deceuninck - Quick Step,WT,3744,2019,vuelta-a-espana
EF Education First,WT,3436,2019,vuelta-a-espana
UAE Team Emirates,WT,3026,2019,vuelta-a-espana
Team INEOS,WT,2405,2019,vuelta-a-espana
Astana Pro Team,WT,6033,2019,vuelta-a-espana
Movistar Team,WT,4538,2019,vuelta-a-espana
Team Jumbo-Visma,WT,4333,2019,vuelta-a-espana
BORA - hansgrohe,WT,4221,2019,vuelta-a-espana
Deceuninck - Quick Step,WT,3744,2019,vuelta-a-espana
EF Education First,WT,3436,2019,vuelta-a-espana
UAE Team Emirates,WT,3026,2019,vuelta-a-espana
Team INEOS,WT,2405,2019,vuelta-a-espana
Team Sunweb,WT,2247,2019,vuelta-a-espana
Astana Pro Team,WT,6033,2019,vuelta-a-espana
Movistar Team,WT,4538,2019,vuelta-a-espana
Team Jumbo-Visma,WT,4333,2019,vuelta-a-espana
BORA - hansgrohe,WT,4221,2019,vuelta-a-espana
Deceuninck - Quick Step,WT,3744,2019,vuelta-a-espana
EF Education First,WT,3436,2019,vuelta-a-espana
UAE Team Emirates,WT,3026,2019,vuelta-a-espana
Team INEOS,WT,2405,2019,vuelta-a-espana
Team Sunweb,WT,2247,2019,vuelta-a-espana
Mitchelton-Scott,WT,1944,2019,vuelta-a-espana
Astana Pro Team,WT,6033,2019,vuelta-a-espana
Movistar Team,WT,4538,2019,vuelta-a-espana
Team Jumbo-Visma,WT,4333,2019,vuelta-a-espana
BORA - hansgrohe,WT,4221,2019,vuelta-a-espana
Deceuninck - Quick Step,WT,3744,2019,vuelta-a-espana
EF Education First,WT,3436,2019,vuelta-a-espana
UAE Team Emirates,WT,3026,2019,vuelta-a-espana
Team INEOS,WT,2405,2019,vuelta-a-espana
Team Sunweb,WT,2247,2019,vuelta-a-espana
Mitchelton-Scott,WT,1944,2019,vuelta-a-espana
Bahrain Merida,WT,1861,2019,vuelta-a-espana
Astana Pro Team,WT,6033,2019,vuelta-a-espana
Movistar Team,WT,4538,2019,vuelta-a-espana
Team Jumbo-Visma,WT,4333,2019,vuelta-a-espana
BORA - hansgrohe,WT,4221,2019,vuelta-a-espana
Deceuninck - Quick Step,WT,3744,2019,vuelta-a-espana
EF Education First,WT,3436,2019,vuelta-a-espana
UAE Team Emirates,WT,3026,2019,vuelta-a-espana
Team INEOS,WT,2405,2019,vuelta-a-espana
Team Sunweb,WT,2247,2019,vuelta-a-espana
Mitchelton-Scott,WT,1944,2019,vuelta-a-espana
Bahrain Merida,WT,1861,2019,vuelta-a-espana
"Cofidis, Solutions Crédits",PCT,1703,2019,vuelta-a-espana
Astana Pro Team,WT,6033,2019,vuelta-a-espana
Movistar Team,WT,4538,2019,vuelta-a-espana
Team Jumbo-Visma,WT,4333,2019,vuelta-a-espana
BORA - hansgrohe,WT,4221,2019,vuelta-a-espana
Deceuninck - Quick Step,WT,3744,2019,vuelta-a-espana
EF Education First,WT,3436,2019,vuelta-a-espana
UAE Team Emirates,WT,3026,2019,vuelta-a-espana
Team INEOS,WT,2405,2019,vuelta-a-espana
Team Sunweb,WT,2247,2019,vuelta-a-espana
Mitchelton-Scott,WT,1944,2019,vuelta-a-espana
Bahrain Merida,WT,1861,2019,vuelta-a-espana
"Cofidis, Solutions Crédits",PCT,1703,2019,vuelta-a-espana
Trek - Segafredo,WT,1700,2019,vuelta-a-espana
Astana Pro Team,WT,6033,2019,vuelta-a-espana
Movistar Team,WT,4538,2019,vuelta-a-espana
Team Jumbo-Visma,WT,4333,2019,vuelta-a-espana
BORA - hansgrohe,WT,4221,2019,vuelta-a-espana
Deceuninck - Quick Step,WT,3744,2019,vuelta-a-espana
EF Education First,WT,3436,2019,vuelta-a-espana
UAE Team Emirates,WT,3026,2019,vuelta-a-espana
Team INEOS,WT,2405,2019,vuelta-a-espana
Team Sunweb,WT,2247,2019,vuelta-a-espana
Mitchelton-Scott,WT,1944,2019,vuelta-a-espana
Bahrain Merida,WT,1861,2019,vuelta-a-espana
"Cofidis, Solutions Crédits",PCT,1703,2019,vuelta-a-espana
Trek - Segafredo,WT,1700,2019,vuelta-a-espana
Groupama - FDJ,WT,1323,2019,vuelta-a-espana
Astana Pro Team,WT,6033,2019,vuelta-a-espana
Movistar Team,WT,4538,2019,vuelta-a-espana
Team Jumbo-Visma,WT,4333,2019,vuelta-a-espana
BORA - hansgrohe,WT,4221,2019,vuelta-a-espana
Deceuninck - Quick Step,WT,3744,2019,vuelta-a-espana
EF Education First,WT,3436,2019,vuelta-a-espana
UAE Team Emirates,WT,3026,2019,vuelta-a-espana
Team INEOS,WT,2405,2019,vuelta-a-espana
Team Sunweb,WT,2247,2019,vuelta-a-espana
Mitchelton-Scott,WT,1944,2019,vuelta-a-espana
Bahrain Merida,WT,1861,2019,vuelta-a-espana
"Cofidis, Solutions Crédits",PCT,1703,2019,vuelta-a-espana
Trek - Segafredo,WT,1700,2019,vuelta-a-espana
Groupama - FDJ,WT,1323,2019,vuelta-a-espana
Lotto Soudal,WT,1305,2019,vuelta-a-espana
Astana Pro Team,WT,6033,2019,vuelta-a-espana
Movistar Team,WT,4538,2019,vuelta-a-espana
Team Jumbo-Visma,WT,4333,2019,vuelta-a-espana
BORA - hansgrohe,WT,4221,2019,vuelta-a-espana
Deceuninck - Quick Step,WT,3744,2019,vuelta-a-espana
EF Education First,WT,3436,2019,vuelta-a-espana
UAE Team Emirates,WT,3026,2019,vuelta-a-espana
Team INEOS,WT,2405,2019,vuelta-a-espana
Team Sunweb,WT,2247,2019,vuelta-a-espana
Mitchelton-Scott,WT,1944,2019,vuelta-a-espana
Bahrain Merida,WT,1861,2019,vuelta-a-espana
"Cofidis, Solutions Crédits",PCT,1703,2019,vuelta-a-espana
Trek - Segafredo,WT,1700,2019,vuelta-a-espana
Groupama - FDJ,WT,1323,2019,vuelta-a-espana
Lotto Soudal,WT,1305,2019,vuelta-a-espana
Caja Rural - Seguros RGA,PCT,1285,2019,vuelta-a-espana
Astana Pro Team,WT,6033,2019,vuelta-a-espana
Movistar Team,WT,4538,2019,vuelta-a-espana
Team Jumbo-Visma,WT,4333,2019,vuelta-a-espana
BORA - hansgrohe,WT,4221,2019,vuelta-a-espana
Deceuninck - Quick Step,WT,3744,2019,vuelta-a-espana
EF Education First,WT,3436,2019,vuelta-a-espana
UAE Team Emirates,WT,3026,2019,vuelta-a-espana
Team INEOS,WT,2405,2019,vuelta-a-espana
Team Sunweb,WT,2247,2019,vuelta-a-espana
Mitchelton-Scott,WT,1944,2019,vuelta-a-espana
Bahrain Merida,WT,1861,2019,vuelta-a-espana
"Cofidis, Solutions Crédits",PCT,1703,2019,vuelta-a-espana
Trek - Segafredo,WT,1700,2019,vuelta-a-espana
Groupama - FDJ,WT,1323,2019,vuelta-a-espana
Lotto Soudal,WT,1305,2019,vuelta-a-espana
Caja Rural - Seguros RGA,PCT,1285,2019,vuelta-a-espana
CCC Team,WT,1244,2019,vuelta-a-espana
Astana Pro Team,WT,6033,2019,vuelta-a-espana
Movistar Team,WT,4538,2019,vuelta-a-espana
Team Jumbo-Visma,WT,4333,2019,vuelta-a-espana
BORA - hansgrohe,WT,4221,2019,vuelta-a-espana
Deceuninck - Quick Step,WT,3744,2019,vuelta-a-espana
EF Education First,WT,3436,2019,vuelta-a-espana
UAE Team Emirates,WT,3026,2019,vuelta-a-espana
Team INEOS,WT,2405,2019,vuelta-a-espana
Team Sunweb,WT,2247,2019,vuelta-a-espana
Mitchelton-Scott,WT,1944,2019,vuelta-a-espana
Bahrain Merida,WT,1861,2019,vuelta-a-espana
"Cofidis, Solutions Crédits",PCT,1703,2019,vuelta-a-espana
Trek - Segafredo,WT,1700,2019,vuelta-a-espana
Groupama - FDJ,WT,1323,2019,vuelta-a-espana
Lotto Soudal,WT,1305,2019,vuelta-a-espana
Caja Rural - Seguros RGA,PCT,1285,2019,vuelta-a-espana
CCC Team,WT,1244,2019,vuelta-a-espana
AG2R La Mondiale,WT,1085,2019,vuelta-a-espana
Astana Pro Team,WT,6033,2019,vuelta-a-espana
Movistar Team,WT,4538,2019,vuelta-a-espana
Team Jumbo-Visma,WT,4333,2019,vuelta-a-espana
BORA - hansgrohe,WT,4221,2019,vuelta-a-espana
Deceuninck - Quick Step,WT,3744,2019,vuelta-a-espana
EF Education First,WT,3436,2019,vuelta-a-espana
UAE Team Emirates,WT,3026,2019,vuelta-a-espana
Team INEOS,WT,2405,2019,vuelta-a-espana
Team Sunweb,WT,2247,2019,vuelta-a-espana
Mitchelton-Scott,WT,1944,2019,vuelta-a-espana
Bahrain Merida,WT,1861,2019,vuelta-a-espana
"Cofidis, Solutions Crédits",PCT,1703,2019,vuelta-a-espana
Trek - Segafredo,WT,1700,2019,vuelta-a-espana
Groupama - FDJ,WT,1323,2019,vuelta-a-espana
Lotto Soudal,WT,1305,2019,vuelta-a-espana
Caja Rural - Seguros RGA,PCT,1285,2019,vuelta-a-espana
CCC Team,WT,1244,2019,vuelta-a-espana
AG2R La Mondiale,WT,1085,2019,vuelta-a-espana
Team Dimension Data,WT,1077,2019,vuelta-a-espana
Astana Pro Team,WT,6033,2019,vuelta-a-espana
Movistar Team,WT,4538,2019,vuelta-a-espana
Team Jumbo-Visma,WT,4333,2019,vuelta-a-espana
BORA - hansgrohe,WT,4221,2019,vuelta-a-espana
Deceuninck - Quick Step,WT,3744,2019,vuelta-a-espana
EF Education First,WT,3436,2019,vuelta-a-espana
UAE Team Emirates,WT,3026,2019,vuelta-a-espana
Team INEOS,WT,2405,2019,vuelta-a-espana
Team Sunweb,WT,2247,2019,vuelta-a-espana
Mitchelton-Scott,WT,1944,2019,vuelta-a-espana
Bahrain Merida,WT,1861,2019,vuelta-a-espana
"Cofidis, Solutions Crédits",PCT,1703,2019,vuelta-a-espana
Trek - Segafredo,WT,1700,2019,vuelta-a-espana
Groupama - FDJ,WT,1323,2019,vuelta-a-espana
Lotto Soudal,WT,1305,2019,vuelta-a-espana
Caja Rural - Seguros RGA,PCT,1285,2019,vuelta-a-espana
CCC Team,WT,1244,2019,vuelta-a-espana
AG2R La Mondiale,WT,1085,2019,vuelta-a-espana
Team Dimension Data,WT,1077,2019,vuelta-a-espana
Euskadi Basque Country - Murias,PCT,989,2019,vuelta-a-espana
Astana Pro Team,WT,6033,2019,vuelta-a-espana
Movistar Team,WT,4538,2019,vuelta-a-espana
Team Jumbo-Visma,WT,4333,2019,vuelta-a-espana
BORA - hansgrohe,WT,4221,2019,vuelta-a-espana
Deceuninck - Quick Step,WT,3744,2019,vuelta-a-espana
EF Education First,WT,3436,2019,vuelta-a-espana
UAE Team Emirates,WT,3026,2019,vuelta-a-espana
Team INEOS,WT,2405,2019,vuelta-a-espana
Team Sunweb,WT,2247,2019,vuelta-a-espana
Mitchelton-Scott,WT,1944,2019,vuelta-a-espana
Bahrain Merida,WT,1861,2019,vuelta-a-espana
"Cofidis, Solutions Crédits",PCT,1703,2019,vuelta-a-espana
Trek - Segafredo,WT,1700,2019,vuelta-a-espana
Groupama - FDJ,WT,1323,2019,vuelta-a-espana
Lotto Soudal,WT,1305,2019,vuelta-a-espana
Caja Rural - Seguros RGA,PCT,1285,2019,vuelta-a-espana
CCC Team,WT,1244,2019,vuelta-a-espana
AG2R La Mondiale,WT,1085,2019,vuelta-a-espana
Team Dimension Data,WT,1077,2019,vuelta-a-espana
Euskadi Basque Country - Murias,PCT,989,2019,vuelta-a-espana
Team Katusha Alpecin,WT,856,2019,vuelta-a-espana
Astana Pro Team,WT,6033,2019,vuelta-a-espana
Movistar Team,WT,4538,2019,vuelta-a-espana
Team Jumbo-Visma,WT,4333,2019,vuelta-a-espana
BORA - hansgrohe,WT,4221,2019,vuelta-a-espana
Deceuninck - Quick Step,WT,3744,2019,vuelta-a-espana
EF Education First,WT,3436,2019,vuelta-a-espana
UAE Team Emirates,WT,3026,2019,vuelta-a-espana
Team INEOS,WT,2405,2019,vuelta-a-espana
Team Sunweb,WT,2247,2019,vuelta-a-espana
Mitchelton-Scott,WT,1944,2019,vuelta-a-espana
Bahrain Merida,WT,1861,2019,vuelta-a-espana
"Cofidis, Solutions Crédits",PCT,1703,2019,vuelta-a-espana
Trek - Segafredo,WT,1700,2019,vuelta-a-espana
Groupama - FDJ,WT,1323,2019,vuelta-a-espana
Lotto Soudal,WT,1305,2019,vuelta-a-espana
Caja Rural - Seguros RGA,PCT,1285,2019,vuelta-a-espana
CCC Team,WT,1244,2019,vuelta-a-espana
AG2R La Mondiale,WT,1085,2019,vuelta-a-espana
Team Dimension Data,WT,1077,2019,vuelta-a-espana
Euskadi Basque Country - Murias,PCT,989,2019,vuelta-a-espana
Team Katusha Alpecin,WT,856,2019,vuelta-a-espana
Burgos-BH,PCT,395,2019,vuelta-a-espana
Team Jumbo-Visma,WT,3800,2020,vuelta-a-espana
Team Jumbo-Visma,WT,3800,2020,vuelta-a-espana
Deceuninck - Quick Step,WT,2237,2020,vuelta-a-espana
Team Jumbo-Visma,WT,3800,2020,vuelta-a-espana
Deceuninck - Quick Step,WT,2237,2020,vuelta-a-espana
Movistar Team,WT,2225,2020,vuelta-a-espana
Team Jumbo-Visma,WT,3800,2020,vuelta-a-espana
Deceuninck - Quick Step,WT,2237,2020,vuelta-a-espana
Movistar Team,WT,2225,2020,vuelta-a-espana
Astana Pro Team,WT,2104,2020,vuelta-a-espana
Team Jumbo-Visma,WT,3800,2020,vuelta-a-espana
Deceuninck - Quick Step,WT,2237,2020,vuelta-a-espana
Movistar Team,WT,2225,2020,vuelta-a-espana
Astana Pro Team,WT,2104,2020,vuelta-a-espana
EF Pro Cycling,WT,1862,2020,vuelta-a-espana
Team Jumbo-Visma,WT,3800,2020,vuelta-a-espana
Deceuninck - Quick Step,WT,2237,2020,vuelta-a-espana
Movistar Team,WT,2225,2020,vuelta-a-espana
Astana Pro Team,WT,2104,2020,vuelta-a-espana
EF Pro Cycling,WT,1862,2020,vuelta-a-espana
UAE Team Emirates,WT,1746,2020,vuelta-a-espana
Team Jumbo-Visma,WT,3800,2020,vuelta-a-espana
Deceuninck - Quick Step,WT,2237,2020,vuelta-a-espana
Movistar Team,WT,2225,2020,vuelta-a-espana
Astana Pro Team,WT,2104,2020,vuelta-a-espana
EF Pro Cycling,WT,1862,2020,vuelta-a-espana
UAE Team Emirates,WT,1746,2020,vuelta-a-espana
BORA - hansgrohe,WT,1571,2020,vuelta-a-espana
Team Jumbo-Visma,WT,3800,2020,vuelta-a-espana
Deceuninck - Quick Step,WT,2237,2020,vuelta-a-espana
Movistar Team,WT,2225,2020,vuelta-a-espana
Astana Pro Team,WT,2104,2020,vuelta-a-espana
EF Pro Cycling,WT,1862,2020,vuelta-a-espana
UAE Team Emirates,WT,1746,2020,vuelta-a-espana
BORA - hansgrohe,WT,1571,2020,vuelta-a-espana
Cofidis,WT,1224,2020,vuelta-a-espana
Team Jumbo-Visma,WT,3800,2020,vuelta-a-espana
Deceuninck - Quick Step,WT,2237,2020,vuelta-a-espana
Movistar Team,WT,2225,2020,vuelta-a-espana
Astana Pro Team,WT,2104,2020,vuelta-a-espana
EF Pro Cycling,WT,1862,2020,vuelta-a-espana
UAE Team Emirates,WT,1746,2020,vuelta-a-espana
BORA - hansgrohe,WT,1571,2020,vuelta-a-espana
Cofidis,WT,1224,2020,vuelta-a-espana
INEOS Grenadiers,WT,1215,2020,vuelta-a-espana
Team Jumbo-Visma,WT,3800,2020,vuelta-a-espana
Deceuninck - Quick Step,WT,2237,2020,vuelta-a-espana
Movistar Team,WT,2225,2020,vuelta-a-espana
Astana Pro Team,WT,2104,2020,vuelta-a-espana
EF Pro Cycling,WT,1862,2020,vuelta-a-espana
UAE Team Emirates,WT,1746,2020,vuelta-a-espana
BORA - hansgrohe,WT,1571,2020,vuelta-a-espana
Cofidis,WT,1224,2020,vuelta-a-espana
INEOS Grenadiers,WT,1215,2020,vuelta-a-espana
Mitchelton-Scott,WT,1163,2020,vuelta-a-espana
Team Jumbo-Visma,WT,3800,2020,vuelta-a-espana
Deceuninck - Quick Step,WT,2237,2020,vuelta-a-espana
Movistar Team,WT,2225,2020,vuelta-a-espana
Astana Pro Team,WT,2104,2020,vuelta-a-espana
EF Pro Cycling,WT,1862,2020,vuelta-a-espana
UAE Team Emirates,WT,1746,2020,vuelta-a-espana
BORA - hansgrohe,WT,1571,2020,vuelta-a-espana
Cofidis,WT,1224,2020,vuelta-a-espana
INEOS Grenadiers,WT,1215,2020,vuelta-a-espana
Mitchelton-Scott,WT,1163,2020,vuelta-a-espana
Groupama - FDJ,WT,1146,2020,vuelta-a-espana
Team Jumbo-Visma,WT,3800,2020,vuelta-a-espana
Deceuninck - Quick Step,WT,2237,2020,vuelta-a-espana
Movistar Team,WT,2225,2020,vuelta-a-espana
Astana Pro Team,WT,2104,2020,vuelta-a-espana
EF Pro Cycling,WT,1862,2020,vuelta-a-espana
UAE Team Emirates,WT,1746,2020,vuelta-a-espana
BORA - hansgrohe,WT,1571,2020,vuelta-a-espana
Cofidis,WT,1224,2020,vuelta-a-espana
INEOS Grenadiers,WT,1215,2020,vuelta-a-espana
Mitchelton-Scott,WT,1163,2020,vuelta-a-espana
Groupama - FDJ,WT,1146,2020,vuelta-a-espana
Israel Start-Up Nation,WT,864,2020,vuelta-a-espana
Team Jumbo-Visma,WT,3800,2020,vuelta-a-espana
Deceuninck - Quick Step,WT,2237,2020,vuelta-a-espana
Movistar Team,WT,2225,2020,vuelta-a-espana
Astana Pro Team,WT,2104,2020,vuelta-a-espana
EF Pro Cycling,WT,1862,2020,vuelta-a-espana
UAE Team Emirates,WT,1746,2020,vuelta-a-espana
BORA - hansgrohe,WT,1571,2020,vuelta-a-espana
Cofidis,WT,1224,2020,vuelta-a-espana
INEOS Grenadiers,WT,1215,2020,vuelta-a-espana
Mitchelton-Scott,WT,1163,2020,vuelta-a-espana
Groupama - FDJ,WT,1146,2020,vuelta-a-espana
Israel Start-Up Nation,WT,864,2020,vuelta-a-espana
CCC Team,WT,829,2020,vuelta-a-espana
Team Jumbo-Visma,WT,3800,2020,vuelta-a-espana
Deceuninck - Quick Step,WT,2237,2020,vuelta-a-espana
Movistar Team,WT,2225,2020,vuelta-a-espana
Astana Pro Team,WT,2104,2020,vuelta-a-espana
EF Pro Cycling,WT,1862,2020,vuelta-a-espana
UAE Team Emirates,WT,1746,2020,vuelta-a-espana
BORA - hansgrohe,WT,1571,2020,vuelta-a-espana
Cofidis,WT,1224,2020,vuelta-a-espana
INEOS Grenadiers,WT,1215,2020,vuelta-a-espana
Mitchelton-Scott,WT,1163,2020,vuelta-a-espana
Groupama - FDJ,WT,1146,2020,vuelta-a-espana
Israel Start-Up Nation,WT,864,2020,vuelta-a-espana
CCC Team,WT,829,2020,vuelta-a-espana
Lotto Soudal,WT,731,2020,vuelta-a-espana
Team Jumbo-Visma,WT,3800,2020,vuelta-a-espana
Deceuninck - Quick Step,WT,2237,2020,vuelta-a-espana
Movistar Team,WT,2225,2020,vuelta-a-espana
Astana Pro Team,WT,2104,2020,vuelta-a-espana
EF Pro Cycling,WT,1862,2020,vuelta-a-espana
UAE Team Emirates,WT,1746,2020,vuelta-a-espana
BORA - hansgrohe,WT,1571,2020,vuelta-a-espana
Cofidis,WT,1224,2020,vuelta-a-espana
INEOS Grenadiers,WT,1215,2020,vuelta-a-espana
Mitchelton-Scott,WT,1163,2020,vuelta-a-espana
Groupama - FDJ,WT,1146,2020,vuelta-a-espana
Israel Start-Up Nation,WT,864,2020,vuelta-a-espana
CCC Team,WT,829,2020,vuelta-a-espana
Lotto Soudal,WT,731,2020,vuelta-a-espana
Trek - Segafredo,WT,631,2020,vuelta-a-espana
Team Jumbo-Visma,WT,3800,2020,vuelta-a-espana
Deceuninck - Quick Step,WT,2237,2020,vuelta-a-espana
Movistar Team,WT,2225,2020,vuelta-a-espana
Astana Pro Team,WT,2104,2020,vuelta-a-espana
EF Pro Cycling,WT,1862,2020,vuelta-a-espana
UAE Team Emirates,WT,1746,2020,vuelta-a-espana
BORA - hansgrohe,WT,1571,2020,vuelta-a-espana
Cofidis,WT,1224,2020,vuelta-a-espana
INEOS Grenadiers,WT,1215,2020,vuelta-a-espana
Mitchelton-Scott,WT,1163,2020,vuelta-a-espana
Groupama - FDJ,WT,1146,2020,vuelta-a-espana
Israel Start-Up Nation,WT,864,2020,vuelta-a-espana
CCC Team,WT,829,2020,vuelta-a-espana
Lotto Soudal,WT,731,2020,vuelta-a-espana
Trek - Segafredo,WT,631,2020,vuelta-a-espana
Bahrain - McLaren,WT,547,2020,vuelta-a-espana
Team Jumbo-Visma,WT,3800,2020,vuelta-a-espana
Deceuninck - Quick Step,WT,2237,2020,vuelta-a-espana
Movistar Team,WT,2225,2020,vuelta-a-espana
Astana Pro Team,WT,2104,2020,vuelta-a-espana
EF Pro Cycling,WT,1862,2020,vuelta-a-espana
UAE Team Emirates,WT,1746,2020,vuelta-a-espana
BORA - hansgrohe,WT,1571,2020,vuelta-a-espana
Cofidis,WT,1224,2020,vuelta-a-espana
INEOS Grenadiers,WT,1215,2020,vuelta-a-espana
Mitchelton-Scott,WT,1163,2020,vuelta-a-espana
Groupama - FDJ,WT,1146,2020,vuelta-a-espana
Israel Start-Up Nation,WT,864,2020,vuelta-a-espana
CCC Team,WT,829,2020,vuelta-a-espana
Lotto Soudal,WT,731,2020,vuelta-a-espana
Trek - Segafredo,WT,631,2020,vuelta-a-espana
Bahrain - McLaren,WT,547,2020,vuelta-a-espana
NTT Pro Cycling,WT,514,2020,vuelta-a-espana
Team Jumbo-Visma,WT,3800,2020,vuelta-a-espana
Deceuninck - Quick Step,WT,2237,2020,vuelta-a-espana
Movistar Team,WT,2225,2020,vuelta-a-espana
Astana Pro Team,WT,2104,2020,vuelta-a-espana
EF Pro Cycling,WT,1862,2020,vuelta-a-espana
UAE Team Emirates,WT,1746,2020,vuelta-a-espana
BORA - hansgrohe,WT,1571,2020,vuelta-a-espana
Cofidis,WT,1224,2020,vuelta-a-espana
INEOS Grenadiers,WT,1215,2020,vuelta-a-espana
Mitchelton-Scott,WT,1163,2020,vuelta-a-espana
Groupama - FDJ,WT,1146,2020,vuelta-a-espana
Israel Start-Up Nation,WT,864,2020,vuelta-a-espana
CCC Team,WT,829,2020,vuelta-a-espana
Lotto Soudal,WT,731,2020,vuelta-a-espana
Trek - Segafredo,WT,631,2020,vuelta-a-espana
Bahrain - McLaren,WT,547,2020,vuelta-a-espana
NTT Pro Cycling,WT,514,2020,vuelta-a-espana
Team Sunweb,WT,492,2020,vuelta-a-espana
Team Jumbo-Visma,WT,3800,2020,vuelta-a-espana
Deceuninck - Quick Step,WT,2237,2020,vuelta-a-espana
Movistar Team,WT,2225,2020,vuelta-a-espana
Astana Pro Team,WT,2104,2020,vuelta-a-espana
EF Pro Cycling,WT,1862,2020,vuelta-a-espana
UAE Team Emirates,WT,1746,2020,vuelta-a-espana
BORA - hansgrohe,WT,1571,2020,vuelta-a-espana
Cofidis,WT,1224,2020,vuelta-a-espana
INEOS Grenadiers,WT,1215,2020,vuelta-a-espana
Mitchelton-Scott,WT,1163,2020,vuelta-a-espana
Groupama - FDJ,WT,1146,2020,vuelta-a-espana
Israel Start-Up Nation,WT,864,2020,vuelta-a-espana
CCC Team,WT,829,2020,vuelta-a-espana
Lotto Soudal,WT,731,2020,vuelta-a-espana
Trek - Segafredo,WT,631,2020,vuelta-a-espana
Bahrain - McLaren,WT,547,2020,vuelta-a-espana
NTT Pro Cycling,WT,514,2020,vuelta-a-espana
Team Sunweb,WT,492,2020,vuelta-a-espana
AG2R La Mondiale,WT,467,2020,vuelta-a-espana
Team Jumbo-Visma,WT,3800,2020,vuelta-a-espana
Deceuninck - Quick Step,WT,2237,2020,vuelta-a-espana
Movistar Team,WT,2225,2020,vuelta-a-espana
Astana Pro Team,WT,2104,2020,vuelta-a-espana
EF Pro Cycling,WT,1862,2020,vuelta-a-espana
UAE Team Emirates,WT,1746,2020,vuelta-a-espana
BORA - hansgrohe,WT,1571,2020,vuelta-a-espana
Cofidis,WT,1224,2020,vuelta-a-espana
INEOS Grenadiers,WT,1215,2020,vuelta-a-espana
Mitchelton-Scott,WT,1163,2020,vuelta-a-espana
Groupama - FDJ,WT,1146,2020,vuelta-a-espana
Israel Start-Up Nation,WT,864,2020,vuelta-a-espana
CCC Team,WT,829,2020,vuelta-a-espana
Lotto Soudal,WT,731,2020,vuelta-a-espana
Trek - Segafredo,WT,631,2020,vuelta-a-espana
Bahrain - McLaren,WT,547,2020,vuelta-a-espana
NTT Pro Cycling,WT,514,2020,vuelta-a-espana
Team Sunweb,WT,492,2020,vuelta-a-espana
AG2R La Mondiale,WT,467,2020,vuelta-a-espana
Caja Rural - Seguros RGA,PRT,366,2020,vuelta-a-espana
Team Jumbo-Visma,WT,3800,2020,vuelta-a-espana
Deceuninck - Quick Step,WT,2237,2020,vuelta-a-espana
Movistar Team,WT,2225,2020,vuelta-a-espana
Astana Pro Team,WT,2104,2020,vuelta-a-espana
EF Pro Cycling,WT,1862,2020,vuelta-a-espana
UAE Team Emirates,WT,1746,2020,vuelta-a-espana
BORA - hansgrohe,WT,1571,2020,vuelta-a-espana
Cofidis,WT,1224,2020,vuelta-a-espana
INEOS Grenadiers,WT,1215,2020,vuelta-a-espana
Mitchelton-Scott,WT,1163,2020,vuelta-a-espana
Groupama - FDJ,WT,1146,2020,vuelta-a-espana
Israel Start-Up Nation,WT,864,2020,vuelta-a-espana
CCC Team,WT,829,2020,vuelta-a-espana
Lotto Soudal,WT,731,2020,vuelta-a-espana
Trek - Segafredo,WT,631,2020,vuelta-a-espana
Bahrain - McLaren,WT,547,2020,vuelta-a-espana
NTT Pro Cycling,WT,514,2020,vuelta-a-espana
Team Sunweb,WT,492,2020,vuelta-a-espana
AG2R La Mondiale,WT,467,2020,vuelta-a-espana
Caja Rural - Seguros RGA,PRT,366,2020,vuelta-a-espana
Team Total Direct Energie,PRT,325,2020,vuelta-a-espana
Team Jumbo-Visma,WT,3800,2020,vuelta-a-espana
Deceuninck - Quick Step,WT,2237,2020,vuelta-a-espana
Movistar Team,WT,2225,2020,vuelta-a-espana
Astana Pro Team,WT,2104,2020,vuelta-a-espana
EF Pro Cycling,WT,1862,2020,vuelta-a-espana
UAE Team Emirates,WT,1746,2020,vuelta-a-espana
BORA - hansgrohe,WT,1571,2020,vuelta-a-espana
Cofidis,WT,1224,2020,vuelta-a-espana
INEOS Grenadiers,WT,1215,2020,vuelta-a-espana
Mitchelton-Scott,WT,1163,2020,vuelta-a-espana
Groupama - FDJ,WT,1146,2020,vuelta-a-espana
Israel Start-Up Nation,WT,864,2020,vuelta-a-espana
CCC Team,WT,829,2020,vuelta-a-espana
Lotto Soudal,WT,731,2020,vuelta-a-espana
Trek - Segafredo,WT,631,2020,vuelta-a-espana
Bahrain - McLaren,WT,547,2020,vuelta-a-espana
NTT Pro Cycling,WT,514,2020,vuelta-a-espana
Team Sunweb,WT,492,2020,vuelta-a-espana
AG2R La Mondiale,WT,467,2020,vuelta-a-espana
Caja Rural - Seguros RGA,PRT,366,2020,vuelta-a-espana
Team Total Direct Energie,PRT,325,2020,vuelta-a-espana
Burgos-BH,PRT,84,2020,vuelta-a-espana
INEOS Grenadiers,WT,5325,2021,vuelta-a-espana
INEOS Grenadiers,WT,5325,2021,vuelta-a-espana
Movistar Team,WT,3602,2021,vuelta-a-espana
INEOS Grenadiers,WT,5325,2021,vuelta-a-espana
Movistar Team,WT,3602,2021,vuelta-a-espana
Bahrain - Victorious,WT,3589,2021,vuelta-a-espana
INEOS Grenadiers,WT,5325,2021,vuelta-a-espana
Movistar Team,WT,3602,2021,vuelta-a-espana
Bahrain - Victorious,WT,3589,2021,vuelta-a-espana
Astana - Premier Tech,WT,3441,2021,vuelta-a-espana
INEOS Grenadiers,WT,5325,2021,vuelta-a-espana
Movistar Team,WT,3602,2021,vuelta-a-espana
Bahrain - Victorious,WT,3589,2021,vuelta-a-espana
Astana - Premier Tech,WT,3441,2021,vuelta-a-espana
Team Jumbo-Visma,WT,3277,2021,vuelta-a-espana
INEOS Grenadiers,WT,5325,2021,vuelta-a-espana
Movistar Team,WT,3602,2021,vuelta-a-espana
Bahrain - Victorious,WT,3589,2021,vuelta-a-espana
Astana - Premier Tech,WT,3441,2021,vuelta-a-espana
Team Jumbo-Visma,WT,3277,2021,vuelta-a-espana
Team BikeExchange,WT,2412,2021,vuelta-a-espana
INEOS Grenadiers,WT,5325,2021,vuelta-a-espana
Movistar Team,WT,3602,2021,vuelta-a-espana
Bahrain - Victorious,WT,3589,2021,vuelta-a-espana
Astana - Premier Tech,WT,3441,2021,vuelta-a-espana
Team Jumbo-Visma,WT,3277,2021,vuelta-a-espana
Team BikeExchange,WT,2412,2021,vuelta-a-espana
Deceuninck - Quick Step,WT,2308,2021,vuelta-a-espana
INEOS Grenadiers,WT,5325,2021,vuelta-a-espana
Movistar Team,WT,3602,2021,vuelta-a-espana
Bahrain - Victorious,WT,3589,2021,vuelta-a-espana
Astana - Premier Tech,WT,3441,2021,vuelta-a-espana
Team Jumbo-Visma,WT,3277,2021,vuelta-a-espana
Team BikeExchange,WT,2412,2021,vuelta-a-espana
Deceuninck - Quick Step,WT,2308,2021,vuelta-a-espana
UAE Team Emirates,WT,2121,2021,vuelta-a-espana
INEOS Grenadiers,WT,5325,2021,vuelta-a-espana
Movistar Team,WT,3602,2021,vuelta-a-espana
Bahrain - Victorious,WT,3589,2021,vuelta-a-espana
Astana - Premier Tech,WT,3441,2021,vuelta-a-espana
Team Jumbo-Visma,WT,3277,2021,vuelta-a-espana
Team BikeExchange,WT,2412,2021,vuelta-a-espana
Deceuninck - Quick Step,WT,2308,2021,vuelta-a-espana
UAE Team Emirates,WT,2121,2021,vuelta-a-espana
Cofidis,WT,2072,2021,vuelta-a-espana
INEOS Grenadiers,WT,5325,2021,vuelta-a-espana
Movistar Team,WT,3602,2021,vuelta-a-espana
Bahrain - Victorious,WT,3589,2021,vuelta-a-espana
Astana - Premier Tech,WT,3441,2021,vuelta-a-espana
Team Jumbo-Visma,WT,3277,2021,vuelta-a-espana
Team BikeExchange,WT,2412,2021,vuelta-a-espana
Deceuninck - Quick Step,WT,2308,2021,vuelta-a-espana
UAE Team Emirates,WT,2121,2021,vuelta-a-espana
Cofidis,WT,2072,2021,vuelta-a-espana
BORA - hansgrohe,WT,1944,2021,vuelta-a-espana
INEOS Grenadiers,WT,5325,2021,vuelta-a-espana
Movistar Team,WT,3602,2021,vuelta-a-espana
Bahrain - Victorious,WT,3589,2021,vuelta-a-espana
Astana - Premier Tech,WT,3441,2021,vuelta-a-espana
Team Jumbo-Visma,WT,3277,2021,vuelta-a-espana
Team BikeExchange,WT,2412,2021,vuelta-a-espana
Deceuninck - Quick Step,WT,2308,2021,vuelta-a-espana
UAE Team Emirates,WT,2121,2021,vuelta-a-espana
Cofidis,WT,2072,2021,vuelta-a-espana
BORA - hansgrohe,WT,1944,2021,vuelta-a-espana
Alpecin-Fenix,PRT,1854,2021,vuelta-a-espana
INEOS Grenadiers,WT,5325,2021,vuelta-a-espana
Movistar Team,WT,3602,2021,vuelta-a-espana
Bahrain - Victorious,WT,3589,2021,vuelta-a-espana
Astana - Premier Tech,WT,3441,2021,vuelta-a-espana
Team Jumbo-Visma,WT,3277,2021,vuelta-a-espana
Team BikeExchange,WT,2412,2021,vuelta-a-espana
Deceuninck - Quick Step,WT,2308,2021,vuelta-a-espana
UAE Team Emirates,WT,2121,2021,vuelta-a-espana
Cofidis,WT,2072,2021,vuelta-a-espana
BORA - hansgrohe,WT,1944,2021,vuelta-a-espana
Alpecin-Fenix,PRT,1854,2021,vuelta-a-espana
Team DSM,WT,1768,2021,vuelta-a-espana
INEOS Grenadiers,WT,5325,2021,vuelta-a-espana
Movistar Team,WT,3602,2021,vuelta-a-espana
Bahrain - Victorious,WT,3589,2021,vuelta-a-espana
Astana - Premier Tech,WT,3441,2021,vuelta-a-espana
Team Jumbo-Visma,WT,3277,2021,vuelta-a-espana
Team BikeExchange,WT,2412,2021,vuelta-a-espana
Deceuninck - Quick Step,WT,2308,2021,vuelta-a-espana
UAE Team Emirates,WT,2121,2021,vuelta-a-espana
Cofidis,WT,2072,2021,vuelta-a-espana
BORA - hansgrohe,WT,1944,2021,vuelta-a-espana
Alpecin-Fenix,PRT,1854,2021,vuelta-a-espana
Team DSM,WT,1768,2021,vuelta-a-espana
EF Education - Nippo,WT,1651,2021,vuelta-a-espana
INEOS Grenadiers,WT,5325,2021,vuelta-a-espana
Movistar Team,WT,3602,2021,vuelta-a-espana
Bahrain - Victorious,WT,3589,2021,vuelta-a-espana
Astana - Premier Tech,WT,3441,2021,vuelta-a-espana
Team Jumbo-Visma,WT,3277,2021,vuelta-a-espana
Team BikeExchange,WT,2412,2021,vuelta-a-espana
Deceuninck - Quick Step,WT,2308,2021,vuelta-a-espana
UAE Team Emirates,WT,2121,2021,vuelta-a-espana
Cofidis,WT,2072,2021,vuelta-a-espana
BORA - hansgrohe,WT,1944,2021,vuelta-a-espana
Alpecin-Fenix,PRT,1854,2021,vuelta-a-espana
Team DSM,WT,1768,2021,vuelta-a-espana
EF Education - Nippo,WT,1651,2021,vuelta-a-espana
Groupama - FDJ,WT,1356,2021,vuelta-a-espana
INEOS Grenadiers,WT,5325,2021,vuelta-a-espana
Movistar Team,WT,3602,2021,vuelta-a-espana
Bahrain - Victorious,WT,3589,2021,vuelta-a-espana
Astana - Premier Tech,WT,3441,2021,vuelta-a-espana
Team Jumbo-Visma,WT,3277,2021,vuelta-a-espana
Team BikeExchange,WT,2412,2021,vuelta-a-espana
Deceuninck - Quick Step,WT,2308,2021,vuelta-a-espana
UAE Team Emirates,WT,2121,2021,vuelta-a-espana
Cofidis,WT,2072,2021,vuelta-a-espana
BORA - hansgrohe,WT,1944,2021,vuelta-a-espana
Alpecin-Fenix,PRT,1854,2021,vuelta-a-espana
Team DSM,WT,1768,2021,vuelta-a-espana
EF Education - Nippo,WT,1651,2021,vuelta-a-espana
Groupama - FDJ,WT,1356,2021,vuelta-a-espana
AG2R Citroën Team,WT,1233,2021,vuelta-a-espana
INEOS Grenadiers,WT,5325,2021,vuelta-a-espana
Movistar Team,WT,3602,2021,vuelta-a-espana
Bahrain - Victorious,WT,3589,2021,vuelta-a-espana
Astana - Premier Tech,WT,3441,2021,vuelta-a-espana
Team Jumbo-Visma,WT,3277,2021,vuelta-a-espana
Team BikeExchange,WT,2412,2021,vuelta-a-espana
Deceuninck - Quick Step,WT,2308,2021,vuelta-a-espana
UAE Team Emirates,WT,2121,2021,vuelta-a-espana
Cofidis,WT,2072,2021,vuelta-a-espana
BORA - hansgrohe,WT,1944,2021,vuelta-a-espana
Alpecin-Fenix,PRT,1854,2021,vuelta-a-espana
Team DSM,WT,1768,2021,vuelta-a-espana
EF Education - Nippo,WT,1651,2021,vuelta-a-espana
Groupama - FDJ,WT,1356,2021,vuelta-a-espana
AG2R Citroën Team,WT,1233,2021,vuelta-a-espana
Trek - Segafredo,WT,1206,2021,vuelta-a-espana
INEOS Grenadiers,WT,5325,2021,vuelta-a-espana
Movistar Team,WT,3602,2021,vuelta-a-espana
Bahrain - Victorious,WT,3589,2021,vuelta-a-espana
Astana - Premier Tech,WT,3441,2021,vuelta-a-espana
Team Jumbo-Visma,WT,3277,2021,vuelta-a-espana
Team BikeExchange,WT,2412,2021,vuelta-a-espana
Deceuninck - Quick Step,WT,2308,2021,vuelta-a-espana
UAE Team Emirates,WT,2121,2021,vuelta-a-espana
Cofidis,WT,2072,2021,vuelta-a-espana
BORA - hansgrohe,WT,1944,2021,vuelta-a-espana
Alpecin-Fenix,PRT,1854,2021,vuelta-a-espana
Team DSM,WT,1768,2021,vuelta-a-espana
EF Education - Nippo,WT,1651,2021,vuelta-a-espana
Groupama - FDJ,WT,1356,2021,vuelta-a-espana
AG2R Citroën Team,WT,1233,2021,vuelta-a-espana
Trek - Segafredo,WT,1206,2021,vuelta-a-espana
Intermarché - Wanty - Gobert Matériaux,WT,1154,2021,vuelta-a-espana
INEOS Grenadiers,WT,5325,2021,vuelta-a-espana
Movistar Team,WT,3602,2021,vuelta-a-espana
Bahrain - Victorious,WT,3589,2021,vuelta-a-espana
Astana - Premier Tech,WT,3441,2021,vuelta-a-espana
Team Jumbo-Visma,WT,3277,2021,vuelta-a-espana
Team BikeExchange,WT,2412,2021,vuelta-a-espana
Deceuninck - Quick Step,WT,2308,2021,vuelta-a-espana
UAE Team Emirates,WT,2121,2021,vuelta-a-espana
Cofidis,WT,2072,2021,vuelta-a-espana
BORA - hansgrohe,WT,1944,2021,vuelta-a-espana
Alpecin-Fenix,PRT,1854,2021,vuelta-a-espana
Team DSM,WT,1768,2021,vuelta-a-espana
EF Education - Nippo,WT,1651,2021,vuelta-a-espana
Groupama - FDJ,WT,1356,2021,vuelta-a-espana
AG2R Citroën Team,WT,1233,2021,vuelta-a-espana
Trek - Segafredo,WT,1206,2021,vuelta-a-espana
Intermarché - Wanty - Gobert Matériaux,WT,1154,2021,vuelta-a-espana
Israel Start-Up Nation,WT,1124,2021,vuelta-a-espana
INEOS Grenadiers,WT,5325,2021,vuelta-a-espana
Movistar Team,WT,3602,2021,vuelta-a-espana
Bahrain - Victorious,WT,3589,2021,vuelta-a-espana
Astana - Premier Tech,WT,3441,2021,vuelta-a-espana
Team Jumbo-Visma,WT,3277,2021,vuelta-a-espana
Team BikeExchange,WT,2412,2021,vuelta-a-espana
Deceuninck - Quick Step,WT,2308,2021,vuelta-a-espana
UAE Team Emirates,WT,2121,2021,vuelta-a-espana
Cofidis,WT,2072,2021,vuelta-a-espana
BORA - hansgrohe,WT,1944,2021,vuelta-a-espana
Alpecin-Fenix,PRT,1854,2021,vuelta-a-espana
Team DSM,WT,1768,2021,vuelta-a-espana
EF Education - Nippo,WT,1651,2021,vuelta-a-espana
Groupama - FDJ,WT,1356,2021,vuelta-a-espana
AG2R Citroën Team,WT,1233,2021,vuelta-a-espana
Trek - Segafredo,WT,1206,2021,vuelta-a-espana
Intermarché - Wanty - Gobert Matériaux,WT,1154,2021,vuelta-a-espana
Israel Start-Up Nation,WT,1124,2021,vuelta-a-espana
Team Qhubeka NextHash,WT,1052,2021,vuelta-a-espana
INEOS Grenadiers,WT,5325,2021,vuelta-a-espana
Movistar Team,WT,3602,2021,vuelta-a-espana
Bahrain - Victorious,WT,3589,2021,vuelta-a-espana
Astana - Premier Tech,WT,3441,2021,vuelta-a-espana
Team Jumbo-Visma,WT,3277,2021,vuelta-a-espana
Team BikeExchange,WT,2412,2021,vuelta-a-espana
Deceuninck - Quick Step,WT,2308,2021,vuelta-a-espana
UAE Team Emirates,WT,2121,2021,vuelta-a-espana
Cofidis,WT,2072,2021,vuelta-a-espana
BORA - hansgrohe,WT,1944,2021,vuelta-a-espana
Alpecin-Fenix,PRT,1854,2021,vuelta-a-espana
Team DSM,WT,1768,2021,vuelta-a-espana
EF Education - Nippo,WT,1651,2021,vuelta-a-espana
Groupama - FDJ,WT,1356,2021,vuelta-a-espana
AG2R Citroën Team,WT,1233,2021,vuelta-a-espana
Trek - Segafredo,WT,1206,2021,vuelta-a-espana
Intermarché - Wanty - Gobert Matériaux,WT,1154,2021,vuelta-a-espana
Israel Start-Up Nation,WT,1124,2021,vuelta-a-espana
Team Qhubeka NextHash,WT,1052,2021,vuelta-a-espana
Caja Rural - Seguros RGA,PRT,1050,2021,vuelta-a-espana
INEOS Grenadiers,WT,5325,2021,vuelta-a-espana
Movistar Team,WT,3602,2021,vuelta-a-espana
Bahrain - Victorious,WT,3589,2021,vuelta-a-espana
Astana - Premier Tech,WT,3441,2021,vuelta-a-espana
Team Jumbo-Visma,WT,3277,2021,vuelta-a-espana
Team BikeExchange,WT,2412,2021,vuelta-a-espana
Deceuninck - Quick Step,WT,2308,2021,vuelta-a-espana
UAE Team Emirates,WT,2121,2021,vuelta-a-espana
Cofidis,WT,2072,2021,vuelta-a-espana
BORA - hansgrohe,WT,1944,2021,vuelta-a-espana
Alpecin-Fenix,PRT,1854,2021,vuelta-a-espana
Team DSM,WT,1768,2021,vuelta-a-espana
EF Education - Nippo,WT,1651,2021,vuelta-a-espana
Groupama - FDJ,WT,1356,2021,vuelta-a-espana
AG2R Citroën Team,WT,1233,2021,vuelta-a-espana
Trek - Segafredo,WT,1206,2021,vuelta-a-espana
Intermarché - Wanty - Gobert Matériaux,WT,1154,2021,vuelta-a-espana
Israel Start-Up Nation,WT,1124,2021,vuelta-a-espana
Team Qhubeka NextHash,WT,1052,2021,vuelta-a-espana
Caja Rural - Seguros RGA,PRT,1050,2021,vuelta-a-espana
Lotto Soudal,WT,957,2021,vuelta-a-espana
INEOS Grenadiers,WT,5325,2021,vuelta-a-espana
Movistar Team,WT,3602,2021,vuelta-a-espana
Bahrain - Victorious,WT,3589,2021,vuelta-a-espana
Astana - Premier Tech,WT,3441,2021,vuelta-a-espana
Team Jumbo-Visma,WT,3277,2021,vuelta-a-espana
Team BikeExchange,WT,2412,2021,vuelta-a-espana
Deceuninck - Quick Step,WT,2308,2021,vuelta-a-espana
UAE Team Emirates,WT,2121,2021,vuelta-a-espana
Cofidis,WT,2072,2021,vuelta-a-espana
BORA - hansgrohe,WT,1944,2021,vuelta-a-espana
Alpecin-Fenix,PRT,1854,2021,vuelta-a-espana
Team DSM,WT,1768,2021,vuelta-a-espana
EF Education - Nippo,WT,1651,2021,vuelta-a-espana
Groupama - FDJ,WT,1356,2021,vuelta-a-espana
AG2R Citroën Team,WT,1233,2021,vuelta-a-espana
Trek - Segafredo,WT,1206,2021,vuelta-a-espana
Intermarché - Wanty - Gobert Matériaux,WT,1154,2021,vuelta-a-espana
Israel Start-Up Nation,WT,1124,2021,vuelta-a-espana
Team Qhubeka NextHash,WT,1052,2021,vuelta-a-espana
Caja Rural - Seguros RGA,PRT,1050,2021,vuelta-a-espana
Lotto Soudal,WT,957,2021,vuelta-a-espana
Euskaltel - Euskadi,PRT,642,2021,vuelta-a-espana
INEOS Grenadiers,WT,5325,2021,vuelta-a-espana
Movistar Team,WT,3602,2021,vuelta-a-espana
Bahrain - Victorious,WT,3589,2021,vuelta-a-espana
Astana - Premier Tech,WT,3441,2021,vuelta-a-espana
Team Jumbo-Visma,WT,3277,2021,vuelta-a-espana
Team BikeExchange,WT,2412,2021,vuelta-a-espana
Deceuninck - Quick Step,WT,2308,2021,vuelta-a-espana
UAE Team Emirates,WT,2121,2021,vuelta-a-espana
Cofidis,WT,2072,2021,vuelta-a-espana
BORA - hansgrohe,WT,1944,2021,vuelta-a-espana
Alpecin-Fenix,PRT,1854,2021,vuelta-a-espana
Team DSM,WT,1768,2021,vuelta-a-espana
EF Education - Nippo,WT,1651,2021,vuelta-a-espana
Groupama - FDJ,WT,1356,2021,vuelta-a-espana
AG2R Citroën Team,WT,1233,2021,vuelta-a-espana
Trek - Segafredo,WT,1206,2021,vuelta-a-espana
Intermarché - Wanty - Gobert Matériaux,WT,1154,2021,vuelta-a-espana
Israel Start-Up Nation,WT,1124,2021,vuelta-a-espana
Team Qhubeka NextHash,WT,1052,2021,vuelta-a-espana
Caja Rural - Seguros RGA,PRT,1050,2021,vuelta-a-espana
Lotto Soudal,WT,957,2021,vuelta-a-espana
Euskaltel - Euskadi,PRT,642,2021,vuelta-a-espana
Burgos-BH,PRT,481,2021,vuelta-a-espana
